序号,★古树名木编号,古树群编号,调查样方号,★古树名木类别,★省名称,★省编码,★市名称,★市编码,★县名称,★县编码,★乡镇（街道）,★乡镇（街道）编码,村（居委会）,村（居委会）编码,小地名,★树种-科,★树种-属,★树种-中文名,树种-学名,树种-俗名,★生长场所,★分布特点,★经度,★纬度,★权属,特征代码,★树龄,古树等级,★树龄测定方法,★树高（米）,★胸围（厘米）,★地围（厘米）,★平均冠幅（米）,★东西冠幅（米）,★南北冠幅（米）,海拔（米）,坡向,坡度,坡位,★土壤类型,★土层厚度,★土壤紧密度,★生长势,★生长环境,树体损伤,树体损伤具体描述,潜在损伤原因,潜在损伤原因其他描述,★新增古树名木原因,古树历史资料,★养护责任人类别,★养护责任人,★主管部门,树木奇特状况描述,树种鉴定记载,保护措施,养护复壮现状,照片说明,★照片数量,照片保存位置,死亡时间,死亡原因,处置措施,移植时间,移植原因,原地信息,移植方案,★调查人,★调查日期,审核人,审核日期,名木类别,名木栽植人,名木栽植日期,原挂牌号,档案年度,备注,省古树编号
1,5,,,古树,新疆维吾尔自治区,65,阿勒泰地区,6543,布尔津县,654321,禾木哈纳斯蒙古民族乡,654321205,哈纳斯村委会,654321205201,喀纳斯湖,松科,松属,五针松,Pinus sibirica,,乡村,散生,87.02922667°,48.72148833°,国有,,146.34,,回归估测,21,155.744,191.54,5.9,5,6.8,1374.8,西坡,陡坡,中部,灰色森林土,40,中等,良好,良好,,,,,遗漏树木,无,,,,,,,,,3,,,,,,,,,,,,,,,,,2025,,
2,6,,,古树,新疆维吾尔自治区,65,阿勒泰地区,6543,布尔津县,654321,禾木哈纳斯蒙古民族乡,654321205,哈纳斯村委会,654321205201,喀纳斯湖,松科,落叶松属,新疆落叶松,Larix Sibirica,,乡村,散生,87.02897600°,48.72203350°,国有,,266.08,3,回归估测,28,257.48,361.1,5.15,5.3,5,1377,西坡,缓坡,下部,灰色森林土,75,中等,良好,良好,,,,,遗漏树木,无,,,,,,,,,3,,,,,,,,,,,,,,,,,2025,,
3,7,,,古树,新疆维吾尔自治区,65,阿勒泰地区,6543,布尔津县,654321,禾木哈纳斯蒙古民族乡,654321205,哈纳斯村委会,654321205201,喀纳斯湖,松科,落叶松属,新疆落叶松,Larix Sibirica,,乡村,散生,87.02899050°,48.72205583°,国有,,181.1,3,回归估测,28,188.4,235.5,5.55,5.4,5.7,1379.6,西坡,缓坡,下部,灰色森林土,75,中等,良好,良好,,,,,遗漏树木,无,,,,,,,,,3,,,,,,,,,,,,,,,,,2025,,
4,8,,,古树,新疆维吾尔自治区,65,阿勒泰地区,6543,布尔津县,654321,禾木哈纳斯蒙古民族乡,654321205,哈纳斯村委会,654321205201,喀纳斯湖,松科,落叶松属,新疆落叶松,Larix Sibirica,,乡村,散生,87.02842300°,48.72265783°,国有,,199.56,3,回归估测,16,200.96,339.12,5,4,6,1374.9,西坡,缓坡,下部,灰色森林土,75,中等,良好,良好,中部断裂,,,,遗漏树木,无,,,,,,,,,3,,,,,,,,,,,,,,,,,2025,,
5,9,,,古树,新疆维吾尔自治区,65,阿勒泰地区,6543,布尔津县,654321,禾木哈纳斯蒙古民族乡,654321205,哈纳斯村委会,654321205201,喀纳斯湖,松科,落叶松属,新疆落叶松,Larix Sibirica,,乡村,散生,87.02835167°,48.72272533°,国有,,258.69,3,回归估测,18,251.2,348.54,5.2,4.3,6.1,1372.1,西坡,缓坡,下部,灰色森林土,75,中等,良好,良好,中部断裂,,,,遗漏树木,无,,,,,,,,,3,,,,,,,,,,,,,,,,,2025,,
6,10,,,古树,新疆维吾尔自治区,65,阿勒泰地区,6543,布尔津县,654321,禾木哈纳斯蒙古民族乡,654321205,哈纳斯村委会,654321205201,喀纳斯湖,松科,落叶松属,新疆落叶松,Larix Sibirica,,乡村,散生,87.02821050°,48.72270183°,国有,,221.73,3,回归估测,25,219.8,219.8,5.5,5,6,1374.2,无坡向,平坡,平地,灰色森林土,30,中等,良好,良好,,,,,遗漏树木,无,,,,,,,,,3,,,,,,,,,,,,,,,,,2025,,
7,11,,,古树,新疆维吾尔自治区,65,阿勒泰地区,6543,布尔津县,654321,禾木哈纳斯蒙古民族乡,654321205,哈纳斯村委会,654321205201,喀纳斯湖,松科,落叶松属,新疆落叶松,Larix Sibirica,,乡村,散生,87.02823317°,48.72271583°,国有,,232.82,3,回归估测,17,229.22,229.22,5.5,6,5,1376.8,无坡向,平坡,平地,灰色森林土,30,中等,良好,良好,,,,,遗漏树木,无,,,,,,,,,3,,,,,,,,,,,,,,,,,2025,,
8,12,,,古树,新疆维吾尔自治区,65,阿勒泰地区,6543,布尔津县,654321,禾木哈纳斯蒙古民族乡,654321205,哈纳斯村委会,654321205201,喀纳斯湖,松科,落叶松属,新疆落叶松,Larix Sibirica,,乡村,散生,87.02812917°,48.72276783°,国有,,214.34,3,回归估测,15,213.52,213.52,6,6,6,1373.4,无坡向,平坡,平地,灰色森林土,30,中等,良好,良好,,,,,遗漏树木,无,,,,,,,,,3,,,,,,,,,,,,,,,,,2025,,
9,13,,,古树,新疆维吾尔自治区,65,阿勒泰地区,6543,布尔津县,654321,禾木哈纳斯蒙古民族乡,654321205,哈纳斯村委会,654321205201,喀纳斯湖,松科,落叶松属,新疆落叶松,Larix Sibirica,,乡村,散生,87.02814900°,48.72275583°,国有,,191.7,3,回归估测,15,194.68,194.68,5.5,6,5,1375.1,无坡向,平坡,平地,灰色森林土,30,中等,良好,良好,,,,,遗漏树木,无,,,,,,,,,3,,,,,,,,,,,,,,,,,2025,,
10,14,,,古树,新疆维吾尔自治区,65,阿勒泰地区,6543,布尔津县,654321,禾木哈纳斯蒙古民族乡,654321205,哈纳斯村委会,654321205201,喀纳斯湖,松科,落叶松属,新疆落叶松,Larix Sibirica,,乡村,散生,87.02436733°,48.70960233°,国有,,258.69,3,回归估测,14,251.2,251.2,5.5,6,5,1436.8,无坡向,平坡,平地,灰色森林土,30,中等,良好,良好,,,,,遗漏树木,无,,,,,,,,,3,,,,,,,,,,,,,,,,,2025,,
11,15,,,古树,新疆维吾尔自治区,65,阿勒泰地区,6543,布尔津县,654321,禾木哈纳斯蒙古民族乡,654321205,哈纳斯村委会,654321205201,喀纳斯湖,松科,云杉属,西伯利亚云杉,Picea obovata,,乡村,散生,87.02435583°,48.70999567°,国有,,110.78,3,回归估测,14,219.8,266.9,5.6,5.6,5.6,1396.6,无坡向,平坡,平地,灰色森林土,34,紧密,良好,良好,,,,,遗漏树木,无,,,,,,,,,3,,,,,,,,,,,,,,,,,2025,,
12,16,,,古树,新疆维吾尔自治区,65,阿勒泰地区,6543,布尔津县,654321,禾木哈纳斯蒙古民族乡,654321205,哈纳斯村委会,654321205201,喀纳斯湖,松科,云杉属,西伯利亚云杉,Picea obovata,,乡村,散生,87.02350200°,48.71004300°,国有,,115.97,3,回归估测,18,229.22,298.3,8.25,9,7.5,1395.3,无坡向,平坡,平地,灰色森林土,46,中等,良好,良好,,,,,遗漏树木,无,,,,,,,,,3,,,,,,,,,,,,,,,,,2025,,
13,17,,,古树,新疆维吾尔自治区,65,阿勒泰地区,6543,布尔津县,654321,禾木哈纳斯蒙古民族乡,654321205,哈纳斯村委会,654321205201,喀纳斯湖,松科,落叶松属,新疆落叶松,Larix Sibirica,,乡村,散生,87.02310567°,48.71021800°,国有,,240.21,3,回归估测,16,235.5,376.8,7.25,7.8,6.7,1394.1,无坡向,平坡,平地,灰色森林土,34,中等,良好,良好,,,,,遗漏树木,无,,,,,,,,,3,,,,,,,,,,,,,,,,,2025,,
14,18,,,古树,新疆维吾尔自治区,65,阿勒泰地区,6543,布尔津县,654321,禾木哈纳斯蒙古民族乡,654321205,哈纳斯村委会,654321205201,喀纳斯湖,松科,落叶松属,新疆落叶松,Larix Sibirica,,乡村,散生,87.02302383°,48.71044367°,国有,,221.73,3,回归估测,17,219.8,345.4,3.25,3.2,3.3,1391.5,无坡向,平坡,平地,灰色森林土,34,中等,良好,良好,,,,,遗漏树木,无,,,,,,,,,3,,,,,,,,,,,,,,,,,2025,,
15,19,,,古树,新疆维吾尔自治区,65,阿勒泰地区,6543,布尔津县,654321,禾木哈纳斯蒙古民族乡,654321205,哈纳斯村委会,654321205201,喀纳斯湖,松科,松属,五针松,Pinus sibirica,,乡村,散生,87.02879533°,48.72001967°,国有,,173.69,3,回归估测,17,178.98,219.8,4.45,4.5,4.4,1368.7,无坡向,平坡,平地,灰色森林土,18,紧密,良好,良好,,,,,遗漏树木,无,,,,,,,,,3,,,,,,,,,,,,,,,,,2025,,
16,20,,,古树,新疆维吾尔自治区,65,阿勒泰地区,6543,布尔津县,654321,禾木哈纳斯蒙古民族乡,654321205,哈纳斯村委会,654321205201,喀纳斯湖,松科,落叶松属,新疆落叶松,Larix Sibirica,,乡村,散生,87.02892950°,48.72034383°,国有,,280.86,3,回归估测,20,270.04,376.8,3,3,3,1372.8,无坡向,平坡,平地,灰色森林土,30,紧密,衰弱,良好,虫害,,,,遗漏树木,无,,,,,,,,,3,,,,,,,,,,,,,,,,,2025,,
17,21,,,古树,新疆维吾尔自治区,65,阿勒泰地区,6543,布尔津县,654321,禾木哈纳斯蒙古民族乡,654321205,哈纳斯村委会,654321205201,喀纳斯湖,松科,落叶松属,新疆落叶松,Larix Sibirica,,乡村,散生,87.02866483°,48.72109933°,国有,,203.25,3,回归估测,20,204.1,282.6,3,3,3,1377.4,无坡向,平坡,平地,灰色森林土,30,紧密,良好,良好,,,,,遗漏树木,无,,,,,,,,,3,,,,,,,,,,,,,,,,,2025,,
18,22,,,古树,新疆维吾尔自治区,65,阿勒泰地区,6543,布尔津县,654321,禾木哈纳斯蒙古民族乡,654321205,哈纳斯村委会,654321205201,喀纳斯湖,松科,落叶松属,新疆落叶松,Larix Sibirica,,乡村,散生,87.02780983°,48.72292850°,国有,,214.34,3,回归估测,18,213.52,298.3,4,4,4,1376.6,无坡向,平坡,平地,灰色森林土,30,紧密,良好,良好,中部断裂,,,,遗漏树木,无,,,,,,,,,3,,,,,,,,,,,,,,,,,2025,,
19,23,,,古树,新疆维吾尔自治区,65,阿勒泰地区,6543,布尔津县,654321,禾木哈纳斯蒙古民族乡,654321205,哈纳斯村委会,654321205201,喀纳斯湖,松科,落叶松属,新疆落叶松,Larix Sibirica,,乡村,散生,87.02774617°,48.72295867°,国有,,443.47,3,回归估测,16,408.2,486.7,4,5,3,1375.4,无坡向,平坡,平地,灰色森林土,30,紧密,良好,良好,中部断裂,,,,遗漏树木,无,,,,,,,,,3,,,,,,,,,,,,,,,,,2025,,
20,24,,,古树,新疆维吾尔自治区,65,阿勒泰地区,6543,布尔津县,654321,禾木哈纳斯蒙古民族乡,654321205,哈纳斯村委会,654321205201,喀纳斯湖,松科,落叶松属,新疆落叶松,Larix Sibirica,,乡村,散生,87.02790417°,48.72295700°,国有,,258.69,3,回归估测,19,251.2,282.6,4.5,4,5,1374.6,无坡向,平坡,平地,灰色森林土,30,紧密,良好,良好,中部断裂,,,,遗漏树木,无,,,,,,,,,3,,,,,,,,,,,,,,,,,2025,,
21,25,,,古树,新疆维吾尔自治区,65,阿勒泰地区,6543,布尔津县,654321,禾木哈纳斯蒙古民族乡,654321205,哈纳斯村委会,654321205201,喀纳斯湖,松科,落叶松属,新疆落叶松,Larix Sibirica,,乡村,散生,87.02780867°,48.72287967°,国有,,295.64,3,回归估测,16,282.6,361.1,3.5,4,3,1376,无坡向,平坡,平地,灰色森林土,30,中等,良好,良好,中部断裂,,,,遗漏树木,无,,,,,,,,,3,,,,,,,,,,,,,,,,,2025,,
22,26,,,古树,新疆维吾尔自治区,65,阿勒泰地区,6543,布尔津县,654321,禾木哈纳斯蒙古民族乡,654321205,哈纳斯村委会,654321205201,喀纳斯湖,松科,落叶松属,新疆落叶松,Larix Sibirica,,乡村,散生,87.02746783°,48.72352867°,国有,,535.85,3,回归估测,26,486.7,596.6,5,6,4,1374.4,无坡向,平坡,平地,灰色森林土,59,中等,良好,良好,,,,,遗漏树木,无,,,,,,,,,3,,,,,,,,,,,,,,,,,2025,,
23,27,,,古树,新疆维吾尔自治区,65,阿勒泰地区,6543,布尔津县,654321,禾木哈纳斯蒙古民族乡,654321205,哈纳斯村委会,654321205201,喀纳斯湖,松科,落叶松属,新疆落叶松,Larix Sibirica,,乡村,散生,87.02744383°,48.72347883°,国有,,240.21,3,回归估测,18,235.5,314,4,3,5,1376.8,无坡向,平坡,平地,灰色森林土,59,中等,良好,良好,,,,,遗漏树木,无,,,,,,,,,3,,,,,,,,,,,,,,,,,2025,,
24,28,,,古树,新疆维吾尔自治区,65,阿勒泰地区,6543,布尔津县,654321,禾木哈纳斯蒙古民族乡,654321205,哈纳斯村委会,654321205201,喀纳斯湖,松科,云杉属,西伯利亚云杉,Picea obovata,,乡村,散生,87.02753967°,48.72342617°,国有,,105.58,3,回归估测,21,210.38,251.2,5.5,5,6,1380.1,无坡向,平坡,平地,灰色森林土,59,中等,良好,良好,,,,,遗漏树木,无,,,,,,,,,3,,,,,,,,,,,,,,,,,2025,,
25,29,,,古树,新疆维吾尔自治区,65,阿勒泰地区,6543,布尔津县,654321,禾木哈纳斯蒙古民族乡,654321205,哈纳斯村委会,654321205201,喀纳斯湖,松科,云杉属,西伯利亚云杉,Picea obovata,,乡村,散生,87.02745317°,48.72335917°,国有,,124.62,3,回归估测,22,244.92,251.2,7,7,7,1376.5,无坡向,平坡,平地,灰色森林土,59,中等,良好,良好,,,,,遗漏树木,无,,,,,,,,,3,,,,,,,,,,,,,,,,,2025,,
26,30,,,古树,新疆维吾尔自治区,65,阿勒泰地区,6543,布尔津县,654321,禾木哈纳斯蒙古民族乡,654321205,哈纳斯村委会,654321205201,喀纳斯湖,松科,落叶松属,新疆落叶松,Larix Sibirica,,乡村,散生,87.02740100°,48.72338183°,国有,,351.08,3,回归估测,23,329.7,408.2,4.75,4.5,5,1373.6,无坡向,平坡,平地,灰色森林土,59,中等,良好,良好,,,,,遗漏树木,无,,,,,,,,,3,,,,,,,,,,,,,,,,,2025,,
27,31,,,古树,新疆维吾尔自治区,65,阿勒泰地区,6543,布尔津县,654321,禾木哈纳斯蒙古民族乡,654321205,哈纳斯村委会,654321205201,喀纳斯湖,松科,落叶松属,新疆落叶松,Larix Sibirica,,乡村,散生,87.02743783°,48.72316600°,国有,,388.03,3,回归估测,15,361.1,449.02,3.5,3,4,1374.3,无坡向,平坡,平地,灰色森林土,59,中等,良好,良好,,,,,遗漏树木,无,,,,,,,,,3,,,,,,,,,,,,,,,,,2025,,
28,32,,,古树,新疆维吾尔自治区,65,阿勒泰地区,6543,布尔津县,654321,禾木哈纳斯蒙古民族乡,654321205,哈纳斯村委会,654321205201,喀纳斯湖,松科,落叶松属,新疆落叶松,Larix Sibirica,,乡村,散生,87.02745850°,48.72313917°,国有,,351.08,3,回归估测,17,329.7,401.92,3.5,4,3,1376.2,无坡向,平坡,平地,灰色森林土,59,中等,良好,良好,,,,,遗漏树木,无,,,,,,,,,3,,,,,,,,,,,,,,,,,2025,,
29,33,,,古树,新疆维吾尔自治区,65,阿勒泰地区,6543,布尔津县,654321,禾木哈纳斯蒙古民族乡,654321205,哈纳斯村委会,654321205201,喀纳斯湖,松科,落叶松属,新疆落叶松,Larix Sibirica,,乡村,散生,87.02851550°,48.72340517°,国有,,388.03,3,回归估测,20,361.1,401.92,4.5,4,5,1382.7,西南,缓坡,低部,灰色森林土,30,中等,良好,良好,,,,,遗漏树木,无,,,,,,,,,3,,,,,,,,,,,,,,,,,2025,,
30,34,,,古树,新疆维吾尔自治区,65,阿勒泰地区,6543,布尔津县,654321,禾木哈纳斯蒙古民族乡,654321205,哈纳斯村委会,654321205201,喀纳斯湖,松科,落叶松属,新疆落叶松,Larix Sibirica,,乡村,散生,87.02878617°,48.72338333°,国有,,406.51,3,回归估测,18,376.8,439.6,4.5,5,4,1382.3,西南,缓坡,低部,灰色森林土,30,中等,良好,良好,,,,,遗漏树木,无,,,,,,,,,3,,,,,,,,,,,,,,,,,2025,,
31,35,,,古树,新疆维吾尔自治区,65,阿勒泰地区,6543,布尔津县,654321,禾木哈纳斯蒙古民族乡,654321205,哈纳斯村委会,654321205201,喀纳斯湖,松科,落叶松属,新疆落叶松,Larix Sibirica,,乡村,散生,87.02869467°,48.72344750°,国有,,314.12,3,回归估测,20,298.3,367.38,4.5,5,4,1381.2,西南,缓坡,低部,灰色森林土,30,中等,良好,良好,,,,,遗漏树木,无,,,,,,,,,3,,,,,,,,,,,,,,,,,2025,,
32,36,,,古树,新疆维吾尔自治区,65,阿勒泰地区,6543,布尔津县,654321,禾木哈纳斯蒙古民族乡,654321205,哈纳斯村委会,654321205201,喀纳斯湖,松科,落叶松属,新疆落叶松,Larix Sibirica,,乡村,散生,87.02828233°,48.72336400°,国有,,258.69,3,回归估测,12,251.2,323.42,3.5,4,3,1378.9,西南,缓坡,低部,灰色森林土,30,中等,良好,良好,,,,,遗漏树木,无,,,,,,,,,3,,,,,,,,,,,,,,,,,2025,,
33,37,,,古树,新疆维吾尔自治区,65,阿勒泰地区,6543,布尔津县,654321,禾木哈纳斯蒙古民族乡,654321205,哈纳斯村委会,654321205201,喀纳斯湖,松科,落叶松属,新疆落叶松,Larix Sibirica,,乡村,散生,87.02817717°,48.72322300°,国有,,314.12,3,回归估测,15,298.3,345.4,5,5,5,1375.6,西南,缓坡,低部,灰色森林土,30,中等,良好,良好,,,,,遗漏树木,无,,,,,,,,,3,,,,,,,,,,,,,,,,,2025,,
34,38,,,古树,新疆维吾尔自治区,65,阿勒泰地区,6543,布尔津县,654321,禾木哈纳斯蒙古民族乡,654321205,哈纳斯村委会,654321205201,喀纳斯湖,松科,落叶松属,新疆落叶松,Larix Sibirica,,乡村,散生,87.02790483°,48.72327750°,国有,,369.55,3,回归估测,19,345.4,392.5,5.5,5,6,1376.9,西南,缓坡,低部,灰色森林土,30,中等,良好,良好,中部断裂,,,,遗漏树木,无,,,,,,,,,3,,,,,,,,,,,,,,,,,2025,,
35,39,,,古树,新疆维吾尔自治区,65,阿勒泰地区,6543,布尔津县,654321,禾木哈纳斯蒙古民族乡,654321205,哈纳斯村委会,654321205201,喀纳斯湖,松科,松属,五针松,Pinus sibirica,,乡村,散生,87.02193850°,48.70948417°,国有,,195.86,3,回归估测,18,197.82,219.8,5.5,5,6,1374.7,无坡向,平坡,平地,灰色森林土,30,中等,良好,差,,,,,遗漏树木,无,,,,,,,,,3,,,,,,,,,,,,,,,,,2025,,
36,40,,,古树,新疆维吾尔自治区,65,阿勒泰地区,6543,布尔津县,654321,禾木哈纳斯蒙古民族乡,654321205,哈纳斯村委会,654321205201,喀纳斯湖,松科,落叶松属,新疆落叶松,Larix Sibirica,,乡村,散生,87.02206100°,48.70889483°,国有,,221.73,3,回归估测,20,219.8,257.48,6,5,7,1377.5,西坡,缓坡,低部,灰色森林土,30,中等,良好,良好,,,,,遗漏树木,无,,,,,,,,,3,,,,,,,,,,,,,,,,,2025,,
37,41,,,古树,新疆维吾尔自治区,65,阿勒泰地区,6543,布尔津县,654321,禾木哈纳斯蒙古民族乡,654321205,哈纳斯村委会,654321205201,喀纳斯湖,松科,云杉属,西伯利亚云杉,Picea obovata,,乡村,散生,87.02250283°,48.70806483°,国有,,105.58,3,回归估测,20,210.38,266.9,5,5,5,1372.2,西南,缓坡,低部,灰色森林土,30,中等,良好,良好,,,,,遗漏树木,无,,,,,,,,,3,,,,,,,,,,,,,,,,,2025,,
38,42,,,古树,新疆维吾尔自治区,65,阿勒泰地区,6543,布尔津县,654321,禾木哈纳斯蒙古民族乡,654321205,哈纳斯村委会,654321205201,喀纳斯湖,松科,落叶松属,新疆落叶松,Larix Sibirica,,乡村,散生,87.02263000°,48.70788417°,国有,,240.21,3,回归估测,18,235.5,251.2,3,3,3,1377.3,无坡向,平坡,平地,灰色森林土,30,中等,良好,良好,,,,,遗漏树木,无,,,,,,,,,3,,,,,,,,,,,,,,,,,2025,,
39,43,,,古树,新疆维吾尔自治区,65,阿勒泰地区,6543,布尔津县,654321,禾木哈纳斯蒙古民族乡,654321205,哈纳斯村委会,654321205201,喀纳斯湖,松科,落叶松属,新疆落叶松,Larix Sibirica,,乡村,散生,87.02263500°,48.70781733°,国有,,269.77,3,回归估测,18,260.62,361.1,4,4,4,1375.5,无坡向,平坡,平地,灰色森林土,30,中等,良好,良好,,,,,遗漏树木,无,,,,,,,,,3,,,,,,,,,,,,,,,,,2025,,
40,45,,,古树,新疆维吾尔自治区,65,阿勒泰地区,6543,布尔津县,654321,禾木哈纳斯蒙古民族乡,654321205,哈纳斯村委会,654321205201,喀纳斯湖,松科,云杉属,西伯利亚云杉,Picea obovata,,乡村,散生,87.02697917°,48.71017533°,国有,,145.4,3,回归估测,18,282.6,345.4,9.5,9,10,1392.9,无坡向,平坡,平地,灰色森林土,30,中等,良好,良好,,,,,遗漏树木,无,,,,,,,,,3,,,,,,,,,,,,,,,,,2025,,
41,46,,,古树,新疆维吾尔自治区,65,阿勒泰地区,6543,布尔津县,654321,禾木哈纳斯蒙古民族乡,654321205,哈纳斯村委会,654321205201,喀纳斯湖,松科,云杉属,西伯利亚云杉,Picea obovata,,乡村,散生,87.02653483°,48.71039933°,国有,,128.09,3,回归估测,20,251.2,229.22,6.5,7,6,1391,无坡向,平坡,平地,灰色森林土,30,中等,良好,良好,,,,,遗漏树木,无,,,,,,,,,3,,,,,,,,,,,,,,,,,2025,,
42,47,,,古树,新疆维吾尔自治区,65,阿勒泰地区,6543,布尔津县,654321,禾木哈纳斯蒙古民族乡,654321205,哈纳斯村委会,654321205201,喀纳斯湖,松科,落叶松属,新疆落叶松,Larix Sibirica,,乡村,散生,87.02632083°,48.71029400°,国有,,269.77,3,回归估测,18,260.62,361.1,6,6,6,1392.2,无坡向,平坡,平地,灰色森林土,30,中等,良好,良好,,,,,遗漏树木,无,,,,,,,,,3,,,,,,,,,,,,,,,,,2025,,
43,48,,,古树,新疆维吾尔自治区,65,阿勒泰地区,6543,布尔津县,654321,禾木哈纳斯蒙古民族乡,654321205,哈纳斯村委会,654321205201,喀纳斯湖,松科,云杉属,西伯利亚云杉,Picea obovata,,乡村,散生,87.02600350°,48.71022683°,国有,,115.97,3,回归估测,16,229.22,251.2,6.5,7,6,1394.5,无坡向,平坡,平地,灰色森林土,30,中等,良好,良好,,,,,遗漏树木,无,,,,,,,,,3,,,,,,,,,,,,,,,,,2025,,
44,49,,,古树,新疆维吾尔自治区,65,阿勒泰地区,6543,布尔津县,654321,禾木哈纳斯蒙古民族乡,654321205,哈纳斯村委会,654321205201,喀纳斯湖,松科,云杉属,西伯利亚云杉,Picea obovata,,乡村,散生,87.02579967°,48.71030917°,国有,,119.43,3,回归估测,20,235.5,329.7,6,5,7,1397.6,无坡向,平坡,平地,灰色森林土,30,中等,良好,良好,,,,,遗漏树木,无,,,,,,,,,3,,,,,,,,,,,,,,,,,2025,,
45,50,,,古树,新疆维吾尔自治区,65,阿勒泰地区,6543,布尔津县,654321,禾木哈纳斯蒙古民族乡,654321205,哈纳斯村委会,654321205201,喀纳斯湖,松科,落叶松属,新疆落叶松,Larix Sibirica,,乡村,散生,87.02590850°,48.71023800°,国有,,277.17,3,回归估测,20,266.9,329.7,7,6.5,7.5,1403.7,无坡向,平坡,平地,灰色森林土,30,中等,良好,良好,,,,,遗漏树木,无,,,,,,,,,3,,,,,,,,,,,,,,,,,2025,,
46,51,,,古树,新疆维吾尔自治区,65,阿勒泰地区,6543,布尔津县,654321,禾木哈纳斯蒙古民族乡,654321205,哈纳斯村委会,654321205201,喀纳斯湖,松科,落叶松属,新疆落叶松,Larix Sibirica,,乡村,散生,87.02630283°,48.71051200°,国有,,210.65,3,回归估测,19,210.38,298.3,6,7,5,1387.6,无坡向,平坡,平地,灰色森林土,25,紧密,良好,良好,,,,,遗漏树木,无,,,,,,,,,3,,,,,,,,,,,,,,,,,2025,,
47,52,,,古树,新疆维吾尔自治区,65,阿勒泰地区,6543,布尔津县,654321,禾木哈纳斯蒙古民族乡,654321205,哈纳斯村委会,654321205201,喀纳斯湖,松科,云杉属,西伯利亚云杉,Picea obovata,,乡村,散生,87.02716017°,48.71261167°,国有,,100,3,回归估测,20,194.68,235.5,11,12,10,1392.5,无坡向,平坡,平地,灰色森林土,25,中等,良好,良好,,,,,遗漏树木,无,,,,,,,,,3,,,,,,,,,,,,,,,,,2025,,
48,53,,,古树,新疆维吾尔自治区,65,阿勒泰地区,6543,布尔津县,654321,禾木哈纳斯蒙古民族乡,654321205,哈纳斯村委会,654321205201,喀纳斯湖,松科,落叶松属,新疆落叶松,Larix Sibirica,,乡村,散生,87.02626717°,48.71375533°,国有,,251.3,3,回归估测,20,244.92,292.02,4.5,4,5,1392.7,西坡,缓坡,中部,灰色森林土,28,中等,良好,良好,树皮损伤,,,,遗漏树木,无,,,,,,,,,3,,,,,,,,,,,,,,,,,2025,,
49,54,,,古树,新疆维吾尔自治区,65,阿勒泰地区,6543,布尔津县,654321,禾木哈纳斯蒙古民族乡,654321205,哈纳斯村委会,654321205201,喀纳斯湖,松科,落叶松属,新疆落叶松,Larix Sibirica,,乡村,散生,87.02572450°,48.71281300°,国有,,266.08,3,回归估测,24,257.48,329.7,8.5,8,9,1391.2,西坡,缓坡,中部,灰色森林土,28,中等,良好,良好,,,,,遗漏树木,无,,,,,,,,,3,,,,,,,,,,,,,,,,,2025,,
50,55,,,古树,新疆维吾尔自治区,65,阿勒泰地区,6543,布尔津县,654321,禾木哈纳斯蒙古民族乡,654321205,哈纳斯村委会,654321205201,喀纳斯湖,松科,落叶松属,新疆落叶松,Larix Sibirica,,乡村,散生,87.02587817°,48.71284683°,国有,,203.25,3,回归估测,23,204.1,273.18,7.5,7,8,1388.4,无坡向,平坡,平地,灰色森林土,10,紧密,良好,良好,,,,,遗漏树木,无,,,,,,,,,3,,,,,,,,,,,,,,,,,2025,,
51,56,,,古树,新疆维吾尔自治区,65,阿勒泰地区,6543,布尔津县,654321,禾木哈纳斯蒙古民族乡,654321205,哈纳斯村委会,654321205201,喀纳斯湖,松科,落叶松属,新疆落叶松,Larix Sibirica,,乡村,散生,87.02595200°,48.71289350°,国有,,181.1,3,回归估测,22,188.4,235.5,7.5,7,8,1388.6,无坡向,平坡,平地,灰色森林土,10,紧密,良好,良好,,,,,遗漏树木,无,,,,,,,,,3,,,,,,,,,,,,,,,,,2025,,
52,57,,,古树,新疆维吾尔自治区,65,阿勒泰地区,6543,布尔津县,654321,禾木哈纳斯蒙古民族乡,654321205,哈纳斯村委会,654321205201,喀纳斯湖,松科,落叶松属,新疆落叶松,Larix Sibirica,,乡村,散生,87.03439217°,48.71216333°,国有,,295.64,3,回归估测,8,282.6,376.8,9,8,10,1415.2,西坡,缓坡,中部,灰色森林土,13,中等,良好,良好,中部断裂,,,,遗漏树木,无,,,,,,,,,3,,,,,,,,,,,,,,,,,2025,,
53,58,,,古树,新疆维吾尔自治区,65,阿勒泰地区,6543,布尔津县,654321,禾木哈纳斯蒙古民族乡,654321205,哈纳斯村委会,654321205201,喀纳斯湖,松科,落叶松属,新疆落叶松,Larix Sibirica,,乡村,散生,87.03440317°,48.71208950°,国有,,203.25,3,回归估测,13,204.1,251.2,11,12,10,1415.7,西坡,缓坡,中部,灰色森林土,13,中等,良好,良好,中部断裂,,,,遗漏树木,无,,,,,,,,,3,,,,,,,,,,,,,,,,,2025,,
54,59,,,古树,新疆维吾尔自治区,65,阿勒泰地区,6543,布尔津县,654321,禾木哈纳斯蒙古民族乡,654321205,哈纳斯村委会,654321205201,喀纳斯湖,松科,落叶松属,新疆落叶松,Larix Sibirica,,乡村,散生,87.03501600°,48.71229100°,国有,,221.73,3,回归估测,14,219.8,282.6,7.5,9,6,1425,西坡,缓坡,中部,灰色森林土,13,中等,良好,良好,中部断裂,,,,遗漏树木,无,,,,,,,,,3,,,,,,,,,,,,,,,,,2025,,
55,61,,,古树,新疆维吾尔自治区,65,阿勒泰地区,6543,布尔津县,654321,禾木哈纳斯蒙古民族乡,654321205,哈纳斯村委会,654321205201,喀纳斯湖,松科,云杉属,西伯利亚云杉,Picea obovata,,乡村,散生,87.02286133°,48.70714167°,国有,,100,3,回归估测,22,197.82,204.1,3,3,3,1368.9,无坡向,平坡,平地,灰色森林土,41,中等,差,差,,,,,遗漏树木,无,,,,,,,,,3,,,,,,,,,,,,,,,,,2025,,
56,63,,,古树,新疆维吾尔自治区,65,阿勒泰地区,6543,布尔津县,654321,禾木哈纳斯蒙古民族乡,654321205,哈纳斯村委会,654321205201,喀纳斯湖,松科,云杉属,西伯利亚云杉,Picea obovata,,乡村,散生,87.02351733°,48.70664167°,国有,,110.78,3,回归估测,12,219.8,329.7,8,8,8,1366.9,无坡向,平坡,平地,灰色森林土,41,中等,良好,良好,树皮损伤，中部断裂,,,,遗漏树木,无,,,,,,,,,3,,,,,,,,,,,,,,,,,2025,,
57,68,,,古树,新疆维吾尔自治区,65,阿勒泰地区,6543,布尔津县,654321,禾木哈纳斯蒙古民族乡,654321205,哈纳斯村委会,654321205201,喀纳斯湖,松科,云杉属,西伯利亚云杉,Picea obovata,,乡村,散生,87.02604900°,48.70565167°,国有,,100,3,回归估测,20,197.82,235.5,5,5,5,1369.3,西南,缓坡,低部,灰色森林土,41,中等,良好,良好,,,,,遗漏树木,无,,,,,,,,,3,,,,,,,,,,,,,,,,,2025,,
58,70,,,古树,新疆维吾尔自治区,65,阿勒泰地区,6543,布尔津县,654321,禾木哈纳斯蒙古民族乡,654321205,哈纳斯村委会,654321205201,喀纳斯湖,松科,云杉属,西伯利亚云杉,Picea obovata,,乡村,散生,87.02640933°,48.70557183°,国有,,107.32,3,回归估测,20,213.52,226.08,5.5,5,6,1371,西南,缓坡,中部,灰色森林土,41,中等,良好,良好,,,,,遗漏树木,无,,,,,,,,,3,,,,,,,,,,,,,,,,,2025,,
59,73,,,古树,新疆维吾尔自治区,65,阿勒泰地区,6543,布尔津县,654321,禾木哈纳斯蒙古民族乡,654321205,哈纳斯村委会,654321205201,喀纳斯湖,松科,云杉属,西伯利亚云杉,Picea obovata,,乡村,散生,87.02639150°,48.70524533°,国有,,102.12,3,回归估测,17,204.1,210.38,7,6,8,1368,无坡向,平坡,平地,灰色森林土,41,中等,良好,差,,,,,遗漏树木,无,,,,,,,,,3,,,,,,,,,,,,,,,,,2025,,
60,75,,,古树,新疆维吾尔自治区,65,阿勒泰地区,6543,布尔津县,654321,禾木哈纳斯蒙古民族乡,654321205,哈纳斯村委会,654321205201,喀纳斯湖,松科,云杉属,西伯利亚云杉,Picea obovata,,乡村,散生,87.02666500°,48.70507400°,国有,,103.85,3,回归估测,24,207.24,207.24,5,4,6,1359.8,无坡向,平坡,平地,灰色森林土,41,中等,良好,良好,,,,,遗漏树木,无,,,,,,,,,3,,,,,,,,,,,,,,,,,2025,,
61,78,,,古树,新疆维吾尔自治区,65,阿勒泰地区,6543,布尔津县,654321,禾木哈纳斯蒙古民族乡,654321205,哈纳斯村委会,654321205201,喀纳斯湖,松科,落叶松属,新疆落叶松,Larix Sibirica,,乡村,散生,87.02708650°,48.70449300°,国有,,203.25,3,回归估测,20,204.1,229.22,10.5,10,11,1373.9,无坡向,平坡,平地,灰色森林土,41,中等,良好,良好,,,,,遗漏树木,无,,,,,,,,,3,,,,,,,,,,,,,,,,,2025,,
62,79,,,古树,新疆维吾尔自治区,65,阿勒泰地区,6543,布尔津县,654321,禾木哈纳斯蒙古民族乡,654321205,哈纳斯村委会,654321205201,喀纳斯湖,松科,云杉属,西伯利亚云杉,Picea obovata,,乡村,散生,87.02769367°,48.70443133°,国有,,128.09,3,回归估测,27,251.2,288.88,10,10,10,1367.2,无坡向,平坡,平地,灰色森林土,41,中等,良好,良好,,,,,遗漏树木,无,,,,,,,,,3,,,,,,,,,,,,,,,,,2025,,
63,80,,,古树,新疆维吾尔自治区,65,阿勒泰地区,6543,布尔津县,654321,禾木哈纳斯蒙古民族乡,654321205,哈纳斯村委会,654321205201,喀纳斯湖,松科,云杉属,西伯利亚云杉,Picea obovata,,乡村,散生,87.02788033°,48.70448267°,国有,,110.78,3,回归估测,20,219.8,257.48,8.5,8,9,1378.1,无坡向,平坡,平地,灰色森林土,41,中等,良好,良好,,,,,遗漏树木,无,,,,,,,,,3,,,,,,,,,,,,,,,,,2025,,
64,81,,,古树,新疆维吾尔自治区,65,阿勒泰地区,6543,布尔津县,654321,禾木哈纳斯蒙古民族乡,654321205,哈纳斯村委会,654321205201,喀纳斯湖,松科,落叶松属,新疆落叶松,Larix Sibirica,,乡村,散生,87.02781433°,48.70442717°,国有,,149,3,回归估测,19,172.7,188.4,4,4,4,1380.8,无坡向,平坡,平地,灰色森林土,41,中等,良好,良好,,,,,遗漏树木,无,,,,,,,,,3,,,,,,,,,,,,,,,,,2025,,
65,82,,,古树,新疆维吾尔自治区,65,阿勒泰地区,6543,布尔津县,654321,禾木哈纳斯蒙古民族乡,654321205,哈纳斯村委会,654321205201,喀纳斯湖,松科,落叶松属,新疆落叶松,Larix Sibirica,,乡村,散生,87.02718850°,48.70405600°,国有,,240.21,3,回归估测,23,235.5,279.46,5,5,5,1373.8,无坡向,平坡,平地,灰色森林土,41,中等,良好,良好,,,,,遗漏树木,无,,,,,,,,,3,,,,,,,,,,,,,,,,,2025,,
66,83,,,古树,新疆维吾尔自治区,65,阿勒泰地区,6543,布尔津县,654321,禾木哈纳斯蒙古民族乡,654321205,哈纳斯村委会,654321205201,喀纳斯湖,松科,落叶松属,新疆落叶松,Larix Sibirica,,乡村,散生,87.02684567°,48.70406983°,国有,,149,3,回归估测,19,172.7,251.2,6,6,6,1371.4,无坡向,平坡,平地,灰色森林土,41,中等,良好,良好,,,,,遗漏树木,无,,,,,,,,,3,,,,,,,,,,,,,,,,,2025,,
67,86,,,古树,新疆维吾尔自治区,65,阿勒泰地区,6543,布尔津县,654321,禾木哈纳斯蒙古民族乡,654321205,哈纳斯村委会,654321205201,喀纳斯湖,松科,落叶松属,新疆落叶松,Larix Sibirica,,乡村,散生,87.02688967°,48.70257500°,国有,,168.4,3,回归估测,19,182.12,204.1,4,5,3,1366.9,无坡向,平坡,平地,灰色森林土,41,中等,良好,良好,,,,,遗漏树木,无,,,,,,,,,3,,,,,,,,,,,,,,,,,2025,,
68,90,,,古树,新疆维吾尔自治区,65,阿勒泰地区,6543,布尔津县,654321,禾木哈纳斯蒙古民族乡,654321205,哈纳斯村委会,654321205201,喀纳斯湖,松科,云杉属,西伯利亚云杉,Picea obovata,,乡村,散生,87.02801217°,48.70140850°,国有,,110.78,3,回归估测,24,219.8,235.5,5,5,5,1365.9,无坡向,平坡,平地,灰色森林土,41,中等,良好,良好,,,,,遗漏树木,无,,,,,,,,,3,,,,,,,,,,,,,,,,,2025,,
69,91,,,古树,新疆维吾尔自治区,65,阿勒泰地区,6543,布尔津县,654321,禾木哈纳斯蒙古民族乡,654321205,哈纳斯村委会,654321205201,喀纳斯湖,松科,云杉属,西伯利亚云杉,Picea obovata,,乡村,散生,87.02793133°,48.70131350°,国有,,100,3,回归估测,19,193.424,226.08,4,5,3,1370,无坡向,平坡,平地,灰色森林土,41,中等,良好,良好,,,,,遗漏树木,无,,,,,,,,,3,,,,,,,,,,,,,,,,,2025,,
70,93,,,古树,新疆维吾尔自治区,65,阿勒泰地区,6543,布尔津县,654321,禾木哈纳斯蒙古民族乡,654321205,哈纳斯村委会,654321205201,喀纳斯湖,松科,云杉属,西伯利亚云杉,Picea obovata,,乡村,散生,87.02816683°,48.70115633°,国有,,103.85,3,回归估测,21,207.24,244.92,4.75,5,4.5,1370.3,无坡向,平坡,平地,灰色森林土,41,中等,良好,良好,,,,,遗漏树木,无,,,,,,,,,3,,,,,,,,,,,,,,,,,2025,,
71,96,,,古树,新疆维吾尔自治区,65,阿勒泰地区,6543,布尔津县,654321,禾木哈纳斯蒙古民族乡,654321205,哈纳斯村委会,654321205201,喀纳斯湖,松科,落叶松属,新疆落叶松,Larix Sibirica,,乡村,散生,87.02816533°,48.70108383°,国有,,141,3,回归估测,21,167.99,200.96,3.75,3.5,4,1367.5,无坡向,平坡,平地,灰色森林土,41,中等,良好,良好,,,,,遗漏树木,无,,,,,,,,,3,,,,,,,,,,,,,,,,,2025,,
72,97,,,古树,新疆维吾尔自治区,65,阿勒泰地区,6543,布尔津县,654321,禾木哈纳斯蒙古民族乡,654321205,哈纳斯村委会,654321205201,喀纳斯湖,松科,云杉属,西伯利亚云杉,Picea obovata,,乡村,散生,87.02802650°,48.70105117°,国有,,110.78,3,回归估测,22,219.8,235.5,4.75,4,5.5,1362.5,无坡向,平坡,平地,灰色森林土,41,中等,良好,良好,,,,,遗漏树木,无,,,,,,,,,3,,,,,,,,,,,,,,,,,2025,,
73,100,,,古树,新疆维吾尔自治区,65,阿勒泰地区,6543,布尔津县,654321,禾木哈纳斯蒙古民族乡,654321205,哈纳斯村委会,654321205201,喀纳斯湖,松科,云杉属,西伯利亚云杉,Picea obovata,,乡村,散生,87.02833200°,48.70080817°,国有,,100,3,回归估测,18,194.68,229.22,3.25,3,3.5,1366.2,无坡向,平坡,平地,灰色森林土,41,中等,差,良好,,,,,遗漏树木,无,,,,,,,,,3,,,,,,,,,,,,,,,,,2025,,
74,103,,,古树,新疆维吾尔自治区,65,阿勒泰地区,6543,布尔津县,654321,禾木哈纳斯蒙古民族乡,654321205,哈纳斯村委会,654321205201,喀纳斯湖,松科,落叶松属,新疆落叶松,Larix Sibirica,,乡村,散生,87.02882700°,48.70010583°,国有,,240.21,3,回归估测,22,235.5,314,3,2.5,3.5,1360.7,无坡向,平坡,平地,灰色森林土,41,中等,差,差,,,,,遗漏树木,无,,,,,,,,,3,,,,,,,,,,,,,,,,,2025,,
75,105,,,古树,新疆维吾尔自治区,65,阿勒泰地区,6543,布尔津县,654321,禾木哈纳斯蒙古民族乡,654321205,哈纳斯村委会,654321205201,喀纳斯湖,松科,落叶松属,新疆落叶松,Larix Sibirica,,乡村,散生,87.02891817°,48.69943250°,国有,,168.4,3,回归估测,20,182.12,244.92,3.5,3,4,1362.2,无坡向,平坡,平地,灰色森林土,41,中等,差,差,,,,,遗漏树木,无,,,,,,,,,3,,,,,,,,,,,,,,,,,2025,,
76,106,,,古树,新疆维吾尔自治区,65,阿勒泰地区,6543,布尔津县,654321,禾木哈纳斯蒙古民族乡,654321205,哈纳斯村委会,654321205201,喀纳斯湖,松科,落叶松属,新疆落叶松,Larix Sibirica,,乡村,散生,87.02920617°,48.69814600°,国有,,225.43,3,回归估测,23,222.94,270.04,3.25,3,3.5,1354.5,无坡向,平坡,平地,灰色森林土,41,中等,良好,良好,,,,,遗漏树木,无,,,,,,,,,3,,,,,,,,,,,,,,,,,2025,,
77,107,,,古树,新疆维吾尔自治区,65,阿勒泰地区,6543,布尔津县,654321,禾木哈纳斯蒙古民族乡,654321205,哈纳斯村委会,654321205201,喀纳斯湖,松科,落叶松属,新疆落叶松,Larix Sibirica,,乡村,散生,87.02918833°,48.69803383°,国有,,143.4,3,回归估测,17,169.56,204.1,3,3,3,1356.8,无坡向,平坡,平地,灰色森林土,41,中等,差,良好,,,,,遗漏树木,无,,,,,,,,,3,,,,,,,,,,,,,,,,,2025,,
78,108,,,古树,新疆维吾尔自治区,65,阿勒泰地区,6543,布尔津县,654321,禾木哈纳斯蒙古民族乡,654321205,哈纳斯村委会,654321205201,喀纳斯湖,松科,落叶松属,新疆落叶松,Larix Sibirica,,乡村,散生,87.02923133°,48.69787083°,国有,,277.17,3,回归估测,21,266.9,345.4,4.5,4,5,1358.7,无坡向,平坡,平地,灰色森林土,41,中等,良好,良好,,,,,遗漏树木,无,,,,,,,,,3,,,,,,,,,,,,,,,,,2025,,
79,109,,,古树,新疆维吾尔自治区,65,阿勒泰地区,6543,布尔津县,654321,禾木哈纳斯蒙古民族乡,654321205,哈纳斯村委会,654321205201,喀纳斯湖,松科,落叶松属,新疆落叶松,Larix Sibirica,,乡村,散生,87.02899883°,48.69777350°,国有,,221.73,3,回归估测,21,219.8,307.72,3,3,3,1359.2,无坡向,平坡,平地,灰色森林土,41,中等,良好,良好,,,,,遗漏树木,无,,,,,,,,,3,,,,,,,,,,,,,,,,,2025,,
80,110,,,古树,新疆维吾尔自治区,65,阿勒泰地区,6543,布尔津县,654321,禾木哈纳斯蒙古民族乡,654321205,哈纳斯村委会,654321205201,喀纳斯湖,松科,落叶松属,新疆落叶松,Larix Sibirica,,乡村,散生,87.02897750°,48.69771150°,国有,,206.95,3,回归估测,19,207.24,235.5,4.75,4,5.5,1360.3,无坡向,平坡,平地,灰色森林土,41,中等,差,良好,,,,,遗漏树木,无,,,,,,,,,3,,,,,,,,,,,,,,,,,2025,,
81,114,,,古树,新疆维吾尔自治区,65,阿勒泰地区,6543,布尔津县,654321,禾木哈纳斯蒙古民族乡,654321205,哈纳斯村委会,654321205201,喀纳斯湖,松科,落叶松属,新疆落叶松,Larix Sibirica,,乡村,散生,87.02954217°,48.69704650°,国有,,203.25,3,回归估测,18,204.1,263.76,7.75,8,7.5,1359.5,无坡向,平坡,平地,灰色森林土,41,中等,良好,良好,,,,,遗漏树木,无,,,,,,,,,3,,,,,,,,,,,,,,,,,2025,,
82,116,,,古树,新疆维吾尔自治区,65,阿勒泰地区,6543,布尔津县,654321,禾木哈纳斯蒙古民族乡,654321205,哈纳斯村委会,654321205201,喀纳斯湖,松科,落叶松属,新疆落叶松,Larix Sibirica,,乡村,散生,87.02906083°,48.69614150°,国有,,132.3,3,回归估测,19,160.14,204.1,4.5,4,5,1358.2,无坡向,平坡,平地,灰色森林土,41,中等,良好,良好,,,,,遗漏树木,无,,,,,,,,,3,,,,,,,,,,,,,,,,,2025,,
83,117,,,古树,新疆维吾尔自治区,65,阿勒泰地区,6543,布尔津县,654321,禾木哈纳斯蒙古民族乡,654321205,哈纳斯村委会,654321205201,喀纳斯湖,松科,落叶松属,新疆落叶松,Larix Sibirica,,乡村,散生,87.02899500°,48.69613500°,国有,,149,3,回归估测,17,172.7,213.52,3,3,3,1360.8,无坡向,平坡,平地,灰色森林土,41,中等,良好,差,,,,,遗漏树木,无,,,,,,,,,3,,,,,,,,,,,,,,,,,2025,,
84,118,,,古树,新疆维吾尔自治区,65,阿勒泰地区,6543,布尔津县,654321,禾木哈纳斯蒙古民族乡,654321205,哈纳斯村委会,654321205201,喀纳斯湖,松科,云杉属,西伯利亚云杉,Picea obovata,,乡村,散生,87.02913717°,48.69551333°,国有,,105.58,3,回归估测,20,210.38,244.92,4.5,5,4,1361.9,无坡向,平坡,平地,灰色森林土,41,中等,良好,良好,,,,,遗漏树木,无,,,,,,,,,3,,,,,,,,,,,,,,,,,2025,,
85,119,,,古树,新疆维吾尔自治区,65,阿勒泰地区,6543,布尔津县,654321,禾木哈纳斯蒙古民族乡,654321205,哈纳斯村委会,654321205201,喀纳斯湖,松科,落叶松属,新疆落叶松,Larix Sibirica,,乡村,散生,87.02849183°,48.69468483°,国有,,181.1,3,回归估测,19,188.4,232.36,3.5,4,3,1362.8,无坡向,平坡,平地,灰色森林土,41,中等,良好,良好,,,,,遗漏树木,无,,,,,,,,,3,,,,,,,,,,,,,,,,,2025,,
86,122,,,古树,新疆维吾尔自治区,65,阿勒泰地区,6543,布尔津县,654321,禾木哈纳斯蒙古民族乡,654321205,哈纳斯村委会,654321205201,喀纳斯湖,松科,落叶松属,新疆落叶松,Larix Sibirica,,乡村,散生,87.02824450°,48.69442117°,国有,,203.25,3,回归估测,16,204.1,266.9,5.25,6,4.5,1360.1,无坡向,平坡,平地,灰色森林土,41,中等,良好,良好,,,,,遗漏树木,无,,,,,,,,,3,,,,,,,,,,,,,,,,,2025,,
87,126,,,古树,新疆维吾尔自治区,65,阿勒泰地区,6543,布尔津县,654321,禾木哈纳斯蒙古民族乡,654321205,哈纳斯村委会,654321205201,喀纳斯湖,松科,云杉属,西伯利亚云杉,Picea obovata,,乡村,散生,87.02781300°,48.69420517°,国有,,103.85,3,回归估测,19,207.24,251.2,6,6,6,1362.6,无坡向,平坡,平地,灰色森林土,41,中等,良好,良好,,,,,遗漏树木,无,,,,,,,,,3,,,,,,,,,,,,,,,,,2025,,
88,130,,,古树,新疆维吾尔自治区,65,阿勒泰地区,6543,布尔津县,654321,禾木哈纳斯蒙古民族乡,654321205,哈纳斯村委会,654321205201,喀纳斯湖,松科,云杉属,西伯利亚云杉,Picea obovata,,乡村,散生,87.02690167°,48.69393067°,国有,,100,3,回归估测,17,197.82,235.5,4.5,4,5,1353.7,无坡向,平坡,平地,灰色森林土,41,中等,良好,差,,,,,遗漏树木,无,,,,,,,,,3,,,,,,,,,,,,,,,,,2025,,
89,131,,,古树,新疆维吾尔自治区,65,阿勒泰地区,6543,布尔津县,654321,禾木哈纳斯蒙古民族乡,654321205,哈纳斯村委会,654321205201,喀纳斯湖,松科,云杉属,西伯利亚云杉,Picea obovata,,乡村,散生,87.02688100°,48.69393583°,国有,,102.12,3,回归估测,19,204.1,238.64,5.75,6,5.5,1356.9,无坡向,平坡,平地,灰色森林土,41,中等,良好,差,,,,,遗漏树木,无,,,,,,,,,3,,,,,,,,,,,,,,,,,2025,,
90,132,,,古树,新疆维吾尔自治区,65,阿勒泰地区,6543,布尔津县,654321,禾木哈纳斯蒙古民族乡,654321205,哈纳斯村委会,654321205201,喀纳斯湖,松科,落叶松属,新疆落叶松,Larix Sibirica,,乡村,散生,87.02867583°,48.69452167°,国有,,247.6,3,回归估测,20,241.78,279.46,4.75,5,4.5,1360.9,无坡向,平坡,平地,灰色森林土,41,中等,良好,良好,,,,,遗漏树木,无,,,,,,,,,3,,,,,,,,,,,,,,,,,2025,,
91,133,,,古树,新疆维吾尔自治区,65,阿勒泰地区,6543,布尔津县,654321,禾木哈纳斯蒙古民族乡,654321205,哈纳斯村委会,654321205201,观鱼台,松科,落叶松属,新疆落叶松,Larix Sibirica,,乡村,散生,86.99150517°,48.72101633°,国有,,130.1,3,回归估测,15,157,196.25,4.5,5,4,1921.5,东北,陡坡,高位,灰色森林土,10,中等,良好,良好,树干顶部断裂,,,,遗漏树木,无,,,,,,,,,3,,,,,,,,,,,,,,,,,2025,,
92,134,,,古树,新疆维吾尔自治区,65,阿勒泰地区,6543,布尔津县,654321,禾木哈纳斯蒙古民族乡,654321205,哈纳斯村委会,654321205201,观鱼台,松科,落叶松属,新疆落叶松,Larix Sibirica,,乡村,散生,86.99154533°,48.72125517°,国有,,130.1,3,回归估测,15,157,204.1,4.25,5,3.5,1926.3,东北,陡坡,高位,灰色森林土,10,中等,良好,良好,,,,,遗漏树木,无,,,,,,,,,3,,,,,,,,,,,,,,,,,2025,,
93,135,,,古树,新疆维吾尔自治区,65,阿勒泰地区,6543,布尔津县,654321,禾木哈纳斯蒙古民族乡,654321205,哈纳斯村委会,654321205201,观鱼台,松科,落叶松属,新疆落叶松,Larix Sibirica,,乡村,散生,86.99136967°,48.72208100°,国有,,103.5,3,回归估测,14,131.88,157,5,6,4,1950.7,东北,陡坡,高位,灰色森林土,30,中等,良好,差,,,,,遗漏树木,无,,,,,,,,,3,,,,,,,,,,,,,,,,,2025,,
94,136,,,古树,新疆维吾尔自治区,65,阿勒泰地区,6543,布尔津县,654321,禾木哈纳斯蒙古民族乡,654321205,哈纳斯村委会,654321205201,观鱼台,松科,落叶松属,新疆落叶松,Larix Sibirica,,乡村,散生,86.99159967°,48.72190067°,国有,,142.4,3,回归估测,16,168.932,204.1,4.5,5,4,1939.3,东北,陡坡,高位,灰色森林土,30,中等,良好,良好,,,,,遗漏树木,无,,,,,,,,,3,,,,,,,,,,,,,,,,,2025,,
95,137,,,古树,新疆维吾尔自治区,65,阿勒泰地区,6543,布尔津县,654321,禾木哈纳斯蒙古民族乡,654321205,哈纳斯村委会,654321205201,观鱼台,松科,落叶松属,新疆落叶松,Larix Sibirica,,乡村,散生,86.99139300°,48.72283067°,国有,,117.9,3,回归估测,15,141.3,163.28,3.75,4,3.5,1960.4,东北,陡坡,高位,灰色森林土,30,中等,良好,良好,,,,,遗漏树木,无,,,,,,,,,3,,,,,,,,,,,,,,,,,2025,,
96,138,,,古树,新疆维吾尔自治区,65,阿勒泰地区,6543,布尔津县,654321,禾木哈纳斯蒙古民族乡,654321205,哈纳斯村委会,654321205201,观鱼台,松科,落叶松属,新疆落叶松,Larix Sibirica,,乡村,散生,86.99162100°,48.72306617°,国有,,191.7,3,回归估测,16,194.68,260.62,3,3,3,1959.5,东北,陡坡,高位,灰色森林土,30,中等,良好,良好,,,,,遗漏树木,无,,,,,,,,,3,,,,,,,,,,,,,,,,,2025,,
97,139,,,古树,新疆维吾尔自治区,65,阿勒泰地区,6543,布尔津县,654321,禾木哈纳斯蒙古民族乡,654321205,哈纳斯村委会,654321205201,观鱼台,松科,落叶松属,新疆落叶松,Larix Sibirica,,乡村,散生,86.99150500°,48.72300950°,国有,,155.2,3,回归估测,15,175.84,200.96,3.5,4,3,1958.1,东北,陡坡,高位,灰色森林土,30,中等,良好,良好,,,,,遗漏树木,无,,,,,,,,,3,,,,,,,,,,,,,,,,,2025,,
98,140,,,古树,新疆维吾尔自治区,65,阿勒泰地区,6543,布尔津县,654321,禾木哈纳斯蒙古民族乡,654321205,哈纳斯村委会,654321205201,观鱼台,松科,落叶松属,新疆落叶松,Larix Sibirica,,乡村,散生,86.99154433°,48.72317583°,国有,,181.1,3,回归估测,16,188.4,219.8,4,4,4,1962,东北,陡坡,高位,灰色森林土,30,中等,良好,良好,,,,,遗漏树木,无,,,,,,,,,3,,,,,,,,,,,,,,,,,2025,,
99,141,,,古树,新疆维吾尔自治区,65,阿勒泰地区,6543,布尔津县,654321,禾木哈纳斯蒙古民族乡,654321205,哈纳斯村委会,654321205201,观鱼台,松科,落叶松属,新疆落叶松,Larix Sibirica,,乡村,散生,86.99147717°,48.72328667°,国有,,149,3,回归估测,15,172.7,204.1,3.5,3,4,1969.9,东北,陡坡,高位,灰色森林土,30,中等,良好,良好,,,,,遗漏树木,无,,,,,,,,,3,,,,,,,,,,,,,,,,,2025,,
100,142,,,古树,新疆维吾尔自治区,65,阿勒泰地区,6543,布尔津县,654321,禾木哈纳斯蒙古民族乡,654321205,哈纳斯村委会,654321205201,观鱼台,松科,落叶松属,新疆落叶松,Larix Sibirica,,乡村,散生,86.99149200°,48.72330600°,国有,,124.2,3,回归估测,15,147.58,166.42,3.5,4,3,1970.5,东北,陡坡,高位,灰色森林土,30,中等,良好,良好,,,,,遗漏树木,无,,,,,,,,,3,,,,,,,,,,,,,,,,,2025,,
101,143,,,古树,新疆维吾尔自治区,65,阿勒泰地区,6543,布尔津县,654321,禾木哈纳斯蒙古民族乡,654321205,哈纳斯村委会,654321205201,观鱼台,松科,落叶松属,新疆落叶松,Larix Sibirica,,乡村,散生,86.99144000°,48.72337533°,国有,,149,3,回归估测,15,172.7,204.1,3.75,4.5,3,1970.1,东北,陡坡,高位,灰色森林土,30,中等,良好,良好,,,,,遗漏树木,无,,,,,,,,,3,,,,,,,,,,,,,,,,,2025,,
102,144,,,古树,新疆维吾尔自治区,65,阿勒泰地区,6543,布尔津县,654321,禾木哈纳斯蒙古民族乡,654321205,哈纳斯村委会,654321205201,观鱼台,松科,落叶松属,新疆落叶松,Larix Sibirica,,乡村,散生,86.99150533°,48.72360400°,国有,,138.7,3,回归估测,15,166.42,200.96,3,3,3,1974.5,东北,陡坡,高位,灰色森林土,30,中等,良好,良好,,,,,遗漏树木,无,,,,,,,,,3,,,,,,,,,,,,,,,,,2025,,
103,145,,,古树,新疆维吾尔自治区,65,阿勒泰地区,6543,布尔津县,654321,禾木哈纳斯蒙古民族乡,654321205,哈纳斯村委会,654321205201,观鱼台,松科,落叶松属,新疆落叶松,Larix Sibirica,,乡村,散生,86.99162833°,48.72365717°,国有,,191.7,3,回归估测,16,194.68,204.1,4,4,4,1973.8,无坡向,平坡,平地,灰色森林土,25,中等,良好,良好,,,,,遗漏树木,无,,,,,,,,,3,,,,,,,,,,,,,,,,,2025,,
104,146,,,古树,新疆维吾尔自治区,65,阿勒泰地区,6543,布尔津县,654321,禾木哈纳斯蒙古民族乡,654321205,哈纳斯村委会,654321205201,观鱼台,松科,落叶松属,新疆落叶松,Larix Sibirica,,乡村,散生,86.99070200°,48.72462000°,国有,,124.2,3,回归估测,13,147.58,169.56,4,5,3,2006.4,无坡向,平坡,平地,灰色森林土,25,中等,良好,良好,,,,,遗漏树木,无,,,,,,,,,3,,,,,,,,,,,,,,,,,2025,,
105,147,,,古树,新疆维吾尔自治区,65,阿勒泰地区,6543,布尔津县,654321,禾木哈纳斯蒙古民族乡,654321205,哈纳斯村委会,654321205201,观鱼台,松科,云杉属,西伯利亚云杉,Picea obovata,,乡村,散生,86.99014383°,48.72519217°,国有,,117.7,3,回归估测,13,232.36,339.12,5,6,4,2000.1,南坡,缓坡,高位,灰色森林土,40,中等,良好,良好,,,,,遗漏树木,无,,,,,,,,,3,,,,,,,,,,,,,,,,,2025,,
106,148,,,古树,新疆维吾尔自治区,65,阿勒泰地区,6543,布尔津县,654321,禾木哈纳斯蒙古民族乡,654321205,哈纳斯村委会,654321205201,观鱼台,松科,云杉属,西伯利亚云杉,Picea obovata,,乡村,散生,86.99031433°,48.72474833°,国有,,136.74,3,回归估测,16,266.9,345.4,5.25,5.5,5,1996.2,南坡,缓坡,高位,灰色森林土,40,中等,良好,良好,,,,,遗漏树木,无,,,,,,,,,3,,,,,,,,,,,,,,,,,2025,,
107,155,,,古树,新疆维吾尔自治区,65,阿勒泰地区,6543,布尔津县,654321,禾木哈纳斯蒙古民族乡,654321205,哈纳斯村委会,654321205201,观鱼台,松科,云杉属,西伯利亚云杉,Picea obovata,,乡村,散生,86.99030417°,48.72423850°,国有,,119.43,3,回归估测,13,235.5,270.04,3,4,2,1990,南坡,缓坡,高位,灰色森林土,40,中等,良好,良好,,,,,遗漏树木,无,,,,,,,,,3,,,,,,,,,,,,,,,,,2025,,
108,156,,,古树,新疆维吾尔自治区,65,阿勒泰地区,6543,布尔津县,654321,禾木哈纳斯蒙古民族乡,654321205,哈纳斯村委会,654321205201,观鱼台,松科,云杉属,西伯利亚云杉,Picea obovata,,乡村,散生,86.99033683°,48.72413717°,国有,,107.32,3,回归估测,12,213.52,298.3,3.25,3,3.5,1992.4,南坡,缓坡,高位,灰色森林土,40,中等,良好,良好,,,,,遗漏树木,无,,,,,,,,,3,,,,,,,,,,,,,,,,,2025,,
109,159,,,古树,新疆维吾尔自治区,65,阿勒泰地区,6543,布尔津县,654321,禾木哈纳斯蒙古民族乡,654321205,哈纳斯村委会,654321205201,观鱼台,松科,云杉属,西伯利亚云杉,Picea obovata,,乡村,散生,86.98994550°,48.72408100°,国有,,100,3,回归估测,15,197.82,226.08,3.25,3,3.5,1982.3,南坡,缓坡,高位,灰色森林土,40,中等,良好,良好,,,,,遗漏树木,无,,,,,,,,,3,,,,,,,,,,,,,,,,,2025,,
110,160,,,古树,新疆维吾尔自治区,65,阿勒泰地区,6543,布尔津县,654321,禾木哈纳斯蒙古民族乡,654321205,哈纳斯村委会,654321205201,观鱼台,松科,云杉属,西伯利亚云杉,Picea obovata,,乡村,散生,86.99003367°,48.72405300°,国有,,110.78,3,回归估测,16,219.8,282.6,3,2.5,3.5,1981.2,南坡,缓坡,高位,灰色森林土,40,中等,良好,良好,,,,,遗漏树木,无,,,,,,,,,3,,,,,,,,,,,,,,,,,2025,,
111,161,,,古树,新疆维吾尔自治区,65,阿勒泰地区,6543,布尔津县,654321,禾木哈纳斯蒙古民族乡,654321205,哈纳斯村委会,654321205201,观鱼台,松科,云杉属,西伯利亚云杉,Picea obovata,,乡村,散生,86.98981433°,48.72403267°,国有,,119.43,3,回归估测,16,235.5,354.82,3.25,3,3.5,1978.5,南坡,缓坡,高位,灰色森林土,40,中等,良好,良好,,,,,遗漏树木,无,,,,,,,,,3,,,,,,,,,,,,,,,,,2025,,
112,163,,,古树,新疆维吾尔自治区,65,阿勒泰地区,6543,布尔津县,654321,禾木哈纳斯蒙古民族乡,654321205,哈纳斯村委会,654321205201,观鱼台,松科,云杉属,西伯利亚云杉,Picea obovata,,乡村,散生,86.98986700°,48.72388117°,国有,,102.12,3,回归估测,14,204.1,251.2,3.25,3.5,3,1979.8,南坡,缓坡,高位,灰色森林土,40,中等,良好,良好,,,,,遗漏树木,无,,,,,,,,,3,,,,,,,,,,,,,,,,,2025,,
113,167,,,古树,新疆维吾尔自治区,65,阿勒泰地区,6543,布尔津县,654321,禾木哈纳斯蒙古民族乡,654321205,哈纳斯村委会,654321205201,观鱼台,松科,云杉属,西伯利亚云杉,Picea obovata,,乡村,散生,86.99007200°,48.72139083°,国有,,102.12,3,回归估测,17,204.1,235.5,5.75,5,6.5,1926,南坡,缓坡,高位,灰色森林土,40,中等,良好,良好,,,,,遗漏树木,无,,,,,,,,,3,,,,,,,,,,,,,,,,,2025,,
114,168,,,古树,新疆维吾尔自治区,65,阿勒泰地区,6543,布尔津县,654321,禾木哈纳斯蒙古民族乡,654321205,哈纳斯村委会,654321205201,卧龙湾-鸭泽湖,松科,落叶松属,新疆落叶松,Larix Sibirica,,乡村,散生,87.05787667°,48.60779817°,国有,,181.1,3,回归估测,16,188.4,276.32,3.75,4.5,3,1306.6,无坡向,平坡,平地,灰色森林土,20,中等,良好,良好,,,,,遗漏树木,无,,,,,,,,,3,,,,,,,,,,,,,,,,,2025,,
115,169,,,古树,新疆维吾尔自治区,65,阿勒泰地区,6543,布尔津县,654321,禾木哈纳斯蒙古民族乡,654321205,哈纳斯村委会,654321205201,卧龙湾-鸭泽湖,松科,落叶松属,新疆落叶松,Larix Sibirica,,乡村,散生,87.05802117°,48.60784233°,国有,,149,3,回归估测,16,172.7,204.1,3.5,4,3,1304.2,无坡向,平坡,平地,灰色森林土,20,中等,良好,良好,,,,,遗漏树木,无,,,,,,,,,3,,,,,,,,,,,,,,,,,2025,,
116,170,,,古树,新疆维吾尔自治区,65,阿勒泰地区,6543,布尔津县,654321,禾木哈纳斯蒙古民族乡,654321205,哈纳斯村委会,654321205201,卧龙湾-鸭泽湖,松科,落叶松属,新疆落叶松,Larix Sibirica,,乡村,散生,87.05761950°,48.60810917°,国有,,191.7,3,回归估测,15,194.68,251.2,4.75,5,4.5,1303.4,无坡向,平坡,平地,灰色森林土,20,中等,良好,良好,,,,,遗漏树木,无,,,,,,,,,3,,,,,,,,,,,,,,,,,2025,,
117,171,,,古树,新疆维吾尔自治区,65,阿勒泰地区,6543,布尔津县,654321,禾木哈纳斯蒙古民族乡,654321205,哈纳斯村委会,654321205201,卧龙湾-鸭泽湖,松科,落叶松属,新疆落叶松,Larix Sibirica,,乡村,散生,87.05775433°,48.60814100°,国有,,191.7,3,回归估测,15,194.68,219.8,4.5,5,4,1301.4,无坡向,平坡,平地,灰色森林土,20,中等,良好,良好,,,,,遗漏树木,无,,,,,,,,,3,,,,,,,,,,,,,,,,,2025,,
118,172,,,古树,新疆维吾尔自治区,65,阿勒泰地区,6543,布尔津县,654321,禾木哈纳斯蒙古民族乡,654321205,哈纳斯村委会,654321205201,卧龙湾-鸭泽湖,松科,落叶松属,新疆落叶松,Larix Sibirica,,乡村,散生,87.05837000°,48.60817617°,国有,,161.7,3,回归估测,16,178.98,219.8,2.5,3,2,1302,无坡向,平坡,平地,灰色森林土,20,中等,良好,良好,,,,,遗漏树木,无,,,,,,,,,3,,,,,,,,,,,,,,,,,2025,,
119,173,,,古树,新疆维吾尔自治区,65,阿勒泰地区,6543,布尔津县,654321,禾木哈纳斯蒙古民族乡,654321205,哈纳斯村委会,654321205201,卧龙湾-鸭泽湖,松科,云杉属,西伯利亚云杉,Picea obovata,,乡村,散生,87.05835183°,48.60825800°,国有,,102.12,3,回归估测,16,204.1,226.08,4.25,4,4.5,1303,无坡向,平坡,平地,灰色森林土,20,中等,良好,良好,,,,,遗漏树木,无,,,,,,,,,3,,,,,,,,,,,,,,,,,2025,,
120,174,,,古树,新疆维吾尔自治区,65,阿勒泰地区,6543,布尔津县,654321,禾木哈纳斯蒙古民族乡,654321205,哈纳斯村委会,654321205201,卧龙湾-鸭泽湖,松科,落叶松属,新疆落叶松,Larix Sibirica,,乡村,散生,87.05819883°,48.60836400°,国有,,130.1,3,回归估测,14,157,182.12,3.25,3,3.5,1298.1,无坡向,平坡,平地,灰色森林土,20,中等,良好,差,,,,,遗漏树木,无,,,,,,,,,3,,,,,,,,,,,,,,,,,2025,,
121,175,,,古树,新疆维吾尔自治区,65,阿勒泰地区,6543,布尔津县,654321,禾木哈纳斯蒙古民族乡,654321205,哈纳斯村委会,654321205201,卧龙湾-鸭泽湖,松科,落叶松属,新疆落叶松,Larix Sibirica,,乡村,散生,87.05773067°,48.60862183°,国有,,138.7,3,回归估测,12,166.42,197.82,4.5,5,4,1300.8,无坡向,平坡,平地,灰色森林土,20,中等,良好,良好,,,,,遗漏树木,无,,,,,,,,,3,,,,,,,,,,,,,,,,,2025,,
122,176,,,古树,新疆维吾尔自治区,65,阿勒泰地区,6543,布尔津县,654321,禾木哈纳斯蒙古民族乡,654321205,哈纳斯村委会,654321205201,卧龙湾-鸭泽湖,松科,落叶松属,新疆落叶松,Larix Sibirica,,乡村,散生,87.05766250°,48.60866983°,国有,,168.4,3,回归估测,13,182.12,204.1,3.75,3.5,4,1301.1,无坡向,平坡,平地,灰色森林土,20,中等,良好,良好,,,,,遗漏树木,无,,,,,,,,,3,,,,,,,,,,,,,,,,,2025,,
123,177,,,古树,新疆维吾尔自治区,65,阿勒泰地区,6543,布尔津县,654321,禾木哈纳斯蒙古民族乡,654321205,哈纳斯村委会,654321205201,卧龙湾-鸭泽湖,松科,落叶松属,新疆落叶松,Larix Sibirica,,乡村,散生,87.05764317°,48.60869883°,国有,,149,3,回归估测,13,172.7,172.7,3.75,3,4.5,1299.9,无坡向,平坡,平地,灰色森林土,10,紧密,良好,良好,,,,,遗漏树木,无,,,,,,,,,3,,,,,,,,,,,,,,,,,2025,,
124,178,,,古树,新疆维吾尔自治区,65,阿勒泰地区,6543,布尔津县,654321,禾木哈纳斯蒙古民族乡,654321205,哈纳斯村委会,654321205201,卧龙湾-鸭泽湖,松科,落叶松属,新疆落叶松,Larix Sibirica,,乡村,散生,87.05754367°,48.60878250°,国有,,161.7,3,回归估测,10,178.98,194.68,3.5,3,4,1300.3,无坡向,平坡,平地,灰色森林土,15,中等,良好,良好,中部断裂,,,,遗漏树木,无,,,,,,,,,3,,,,,,,,,,,,,,,,,2025,,
125,179,,,古树,新疆维吾尔自治区,65,阿勒泰地区,6543,布尔津县,654321,禾木哈纳斯蒙古民族乡,654321205,哈纳斯村委会,654321205201,卧龙湾-鸭泽湖,松科,落叶松属,新疆落叶松,Larix Sibirica,,乡村,散生,87.05750300°,48.60878400°,国有,,181.1,3,回归估测,13,188.4,204.1,4.25,4,4.5,1299.7,无坡向,平坡,平地,灰色森林土,15,中等,良好,良好,,,,,遗漏树木,无,,,,,,,,,3,,,,,,,,,,,,,,,,,2025,,
126,180,,,古树,新疆维吾尔自治区,65,阿勒泰地区,6543,布尔津县,654321,禾木哈纳斯蒙古民族乡,654321205,哈纳斯村委会,654321205201,卧龙湾-鸭泽湖,松科,落叶松属,新疆落叶松,Larix Sibirica,,乡村,散生,87.05737900°,48.60886950°,国有,,161.7,3,回归估测,15,178.98,197.82,4,4,4,1303.1,无坡向,平坡,平地,灰色森林土,15,中等,良好,良好,,,,,遗漏树木,无,,,,,,,,,3,,,,,,,,,,,,,,,,,2025,,
127,181,,,古树,新疆维吾尔自治区,65,阿勒泰地区,6543,布尔津县,654321,禾木哈纳斯蒙古民族乡,654321205,哈纳斯村委会,654321205201,卧龙湾-鸭泽湖,松科,云杉属,西伯利亚云杉,Picea obovata,,乡村,散生,87.05718333°,48.60893850°,国有,,115.97,3,回归估测,16,229.22,266.9,4,4,4,1301.7,无坡向,平坡,平地,灰色森林土,15,中等,良好,良好,,,,,遗漏树木,无,,,,,,,,,3,,,,,,,,,,,,,,,,,2025,,
128,182,,,古树,新疆维吾尔自治区,65,阿勒泰地区,6543,布尔津县,654321,禾木哈纳斯蒙古民族乡,654321205,哈纳斯村委会,654321205201,卧龙湾-鸭泽湖,松科,落叶松属,新疆落叶松,Larix Sibirica,,乡村,散生,87.05708317°,48.60903250°,国有,,135.1,3,回归估测,13,163.28,219.8,3,3,3,1302.2,无坡向,平坡,平地,灰色森林土,15,中等,良好,良好,,,,,遗漏树木,无,,,,,,,,,3,,,,,,,,,,,,,,,,,2025,,
129,183,,,古树,新疆维吾尔自治区,65,阿勒泰地区,6543,布尔津县,654321,禾木哈纳斯蒙古民族乡,654321205,哈纳斯村委会,654321205201,卧龙湾-鸭泽湖,松科,落叶松属,新疆落叶松,Larix Sibirica,,乡村,散生,87.05687850°,48.60918850°,国有,,251.3,3,回归估测,16,244.92,298.3,4.25,4,4.5,1306.6,无坡向,平坡,平地,灰色森林土,15,中等,良好,良好,,,,,遗漏树木,无,,,,,,,,,3,,,,,,,,,,,,,,,,,2025,,
130,184,,,古树,新疆维吾尔自治区,65,阿勒泰地区,6543,布尔津县,654321,禾木哈纳斯蒙古民族乡,654321205,哈纳斯村委会,654321205201,卧龙湾-鸭泽湖,松科,云杉属,西伯利亚云杉,Picea obovata,,乡村,散生,87.05682667°,48.60920817°,国有,,105.58,3,回归估测,17,210.38,244.92,4.5,4,5,1308.6,无坡向,平坡,平地,灰色森林土,15,中等,良好,良好,,,,,遗漏树木,无,,,,,,,,,3,,,,,,,,,,,,,,,,,2025,,
131,185,,,古树,新疆维吾尔自治区,65,阿勒泰地区,6543,布尔津县,654321,禾木哈纳斯蒙古民族乡,654321205,哈纳斯村委会,654321205201,哈纳斯村,松科,云杉属,西伯利亚云杉,Picea obovata,,乡村,散生,87.02743033°,48.72355450°,国有,,121.16,3,回归估测,16,238.64,276.32,3.5,4,3,1372.8,无坡向,平坡,平地,灰色森林土,25,中等,良好,良好,,,,,遗漏树木,无,,,,,,,,,3,,,,,,,,,,,,,,,,,2025,,
132,186,,,古树,新疆维吾尔自治区,65,阿勒泰地区,6543,布尔津县,654321,禾木哈纳斯蒙古民族乡,654321205,哈纳斯村委会,654321205201,哈纳斯村,松科,落叶松属,新疆落叶松,Larix Sibirica,,乡村,散生,87.02744000°,48.72365333°,国有,,181.1,3,回归估测,11,188.4,270.04,2,2,2,1371.7,无坡向,平坡,平地,灰色森林土,25,中等,差,差,中部断裂,,,,遗漏树木,无,,,,,,,,,3,,,,,,,,,,,,,,,,,2025,,
133,187,,,古树,新疆维吾尔自治区,65,阿勒泰地区,6543,布尔津县,654321,禾木哈纳斯蒙古民族乡,654321205,哈纳斯村委会,654321205201,哈纳斯村,松科,落叶松属,新疆落叶松,Larix Sibirica,,乡村,散生,87.02743383°,48.72365750°,国有,,214.34,3,回归估测,13,213.52,326.56,2.75,3.5,2,1372.5,无坡向,平坡,平地,灰色森林土,25,中等,良好,良好,,,,,遗漏树木,无,,,,,,,,,3,,,,,,,,,,,,,,,,,2025,,
134,188,,,古树,新疆维吾尔自治区,65,阿勒泰地区,6543,布尔津县,654321,禾木哈纳斯蒙古民族乡,654321205,哈纳斯村委会,654321205201,哈纳斯村,松科,落叶松属,新疆落叶松,Larix Sibirica,,乡村,散生,87.02742050°,48.72373850°,国有,,149,3,回归估测,14,172.7,270.04,2.75,2,3.5,1376.1,无坡向,平坡,平地,灰色森林土,25,中等,良好,良好,,,,,遗漏树木,无,,,,,,,,,3,,,,,,,,,,,,,,,,,2025,,
135,189,,,古树,新疆维吾尔自治区,65,阿勒泰地区,6543,布尔津县,654321,禾木哈纳斯蒙古民族乡,654321205,哈纳斯村委会,654321205201,哈纳斯村,松科,落叶松属,新疆落叶松,Larix Sibirica,,乡村,散生,87.02747900°,48.72374883°,国有,,149,3,回归估测,13,172.7,263.76,3.25,3,3.5,1373.4,无坡向,平坡,平地,灰色森林土,25,中等,良好,良好,,,,,遗漏树木,无,,,,,,,,,3,,,,,,,,,,,,,,,,,2025,,
136,190,,,古树,新疆维吾尔自治区,65,阿勒泰地区,6543,布尔津县,654321,禾木哈纳斯蒙古民族乡,654321205,哈纳斯村委会,654321205201,哈纳斯村,松科,落叶松属,新疆落叶松,Larix Sibirica,,乡村,散生,87.02755167°,48.72373517°,国有,,229.12,3,回归估测,15,226.08,408.2,3,3,3,1378.4,无坡向,平坡,平地,灰色森林土,25,中等,良好,良好,,,,,遗漏树木,无,,,,,,,,,3,,,,,,,,,,,,,,,,,2025,,
137,191,,,古树,新疆维吾尔自治区,65,阿勒泰地区,6543,布尔津县,654321,禾木哈纳斯蒙古民族乡,654321205,哈纳斯村委会,654321205201,哈纳斯村,松科,云杉属,西伯利亚云杉,Picea obovata,,乡村,散生,87.02746300°,48.72387250°,国有,,107.32,3,回归估测,9,213.52,235.5,3,4,2,1376.1,无坡向,平坡,平地,灰色森林土,25,中等,良好,良好,中部断裂,,,,遗漏树木,无,,,,,,,,,3,,,,,,,,,,,,,,,,,2025,,
138,192,,,古树,新疆维吾尔自治区,65,阿勒泰地区,6543,布尔津县,654321,禾木哈纳斯蒙古民族乡,654321205,哈纳斯村委会,654321205201,哈纳斯村,松科,落叶松属,新疆落叶松,Larix Sibirica,,乡村,散生,87.02767267°,48.72382800°,国有,,251.3,3,回归估测,12,244.92,326.56,1.75,2.5,1,1379.4,无坡向,平坡,平地,灰色森林土,25,中等,差,良好,顶部断裂,,,,遗漏树木,无,,,,,,,,,3,,,,,,,,,,,,,,,,,2025,,
139,193,,,古树,新疆维吾尔自治区,65,阿勒泰地区,6543,布尔津县,654321,禾木哈纳斯蒙古民族乡,654321205,哈纳斯村委会,654321205201,哈纳斯村,松科,落叶松属,新疆落叶松,Larix Sibirica,,乡村,散生,87.02761950°,48.72384883°,国有,,247.6,3,回归估测,14,241.78,329.7,2,2.5,1.5,1382,无坡向,平坡,平地,灰色森林土,25,中等,良好,良好,,,,,遗漏树木,无,,,,,,,,,3,,,,,,,,,,,,,,,,,2025,,
140,194,,,古树,新疆维吾尔自治区,65,阿勒泰地区,6543,布尔津县,654321,禾木哈纳斯蒙古民族乡,654321205,哈纳斯村委会,654321205201,哈纳斯村,松科,落叶松属,新疆落叶松,Larix Sibirica,,乡村,散生,87.02763267°,48.72386550°,国有,,251.3,3,回归估测,13,244.92,317.14,2,2,2,1379.6,无坡向,平坡,平地,灰色森林土,25,中等,良好,良好,树干开裂,,,,遗漏树木,无,,,,,,,,,3,,,,,,,,,,,,,,,,,2025,,
141,195,,,古树,新疆维吾尔自治区,65,阿勒泰地区,6543,布尔津县,654321,禾木哈纳斯蒙古民族乡,654321205,哈纳斯村委会,654321205201,哈纳斯村,松科,落叶松属,新疆落叶松,Larix Sibirica,,乡村,散生,87.02763067°,48.72394733°,国有,,214.34,3,回归估测,18,213.52,329.7,3.25,3,3.5,1375.8,无坡向,平坡,平地,灰色森林土,20,中等,中等,良好,,,,,遗漏树木,无,,,,,,,,,3,,,,,,,,,,,,,,,,,2025,,
142,196,,,古树,新疆维吾尔自治区,65,阿勒泰地区,6543,布尔津县,654321,禾木哈纳斯蒙古民族乡,654321205,哈纳斯村委会,654321205201,哈纳斯村,松科,落叶松属,新疆落叶松,Larix Sibirica,,乡村,散生,87.02761683°,48.72393917°,国有,,206.95,3,回归估测,19,207.24,276.32,3.5,4,3,1374.1,无坡向,平坡,平地,灰色森林土,20,中等,良好,良好,,,,,遗漏树木,无,,,,,,,,,3,,,,,,,,,,,,,,,,,2025,,
143,197,,,古树,新疆维吾尔自治区,65,阿勒泰地区,6543,布尔津县,654321,禾木哈纳斯蒙古民族乡,654321205,哈纳斯村委会,654321205201,哈纳斯村,松科,云杉属,西伯利亚云杉,Picea obovata,,乡村,散生,87.02757250°,48.72392617°,国有,,100,3,回归估测,16,197.82,232.36,4.5,5,4,1374.3,无坡向,平坡,平地,灰色森林土,20,中等,良好,良好,,,,,遗漏树木,无,,,,,,,,,3,,,,,,,,,,,,,,,,,2025,,
144,198,,,古树,新疆维吾尔自治区,65,阿勒泰地区,6543,布尔津县,654321,禾木哈纳斯蒙古民族乡,654321205,哈纳斯村委会,654321205201,哈纳斯村,松科,落叶松属,新疆落叶松,Larix Sibirica,,乡村,散生,87.02753900°,48.72393050°,国有,,195.86,3,回归估测,16,197.82,260.62,2.5,2,3,1372.9,无坡向,平坡,平地,灰色森林土,20,中等,良好,良好,,,,,遗漏树木,无,,,,,,,,,3,,,,,,,,,,,,,,,,,2025,,
145,200,,,古树,新疆维吾尔自治区,65,阿勒泰地区,6543,布尔津县,654321,禾木哈纳斯蒙古民族乡,654321205,哈纳斯村委会,654321205201,哈纳斯村,松科,落叶松属,新疆落叶松,Larix Sibirica,,乡村,散生,87.02774667°,48.72447750°,国有,,168.4,3,回归估测,17,182.12,251.2,3.25,2.5,3,1374.4,无坡向,平坡,平地,灰色森林土,20,中等,良好,良好,,,,,遗漏树木,无,,,,,,,,,3,,,,,,,,,,,,,,,,,2025,,
146,201,,,古树,新疆维吾尔自治区,65,阿勒泰地区,6543,布尔津县,654321,禾木哈纳斯蒙古民族乡,654321205,哈纳斯村委会,654321205201,哈纳斯村,松科,落叶松属,新疆落叶松,Larix Sibirica,,乡村,散生,87.02772733°,48.72453217°,国有,,203.25,3,回归估测,16,204.1,282.6,3,3,3,1373.7,无坡向,平坡,平地,灰色森林土,20,中等,良好,良好,,,,,遗漏树木,无,,,,,,,,,3,,,,,,,,,,,,,,,,,2025,,
147,202,,,古树,新疆维吾尔自治区,65,阿勒泰地区,6543,布尔津县,654321,禾木哈纳斯蒙古民族乡,654321205,哈纳斯村委会,654321205201,哈纳斯村,松科,落叶松属,新疆落叶松,Larix Sibirica,,乡村,散生,87.02768617°,48.72454517°,国有,,195.86,3,回归估测,15,197.82,335.98,2.5,2,3,1373,无坡向,平坡,平地,灰色森林土,25,中等,良好,良好,,,,,遗漏树木,无,,,,,,,,,3,,,,,,,,,,,,,,,,,2025,,
148,203,,,古树,新疆维吾尔自治区,65,阿勒泰地区,6543,布尔津县,654321,禾木哈纳斯蒙古民族乡,654321205,哈纳斯村委会,654321205201,哈纳斯村,松科,落叶松属,新疆落叶松,Larix Sibirica,,乡村,散生,87.02762917°,48.72457900°,国有,,175,3,回归估测,15,185.26,238.64,3,3,3,1373.3,无坡向,平坡,平地,灰色森林土,25,中等,良好,良好,,,,,遗漏树木,无,,,,,,,,,3,,,,,,,,,,,,,,,,,2025,,
149,204,,,古树,新疆维吾尔自治区,65,阿勒泰地区,6543,布尔津县,654321,禾木哈纳斯蒙古民族乡,654321205,哈纳斯村委会,654321205201,哈纳斯村,松科,落叶松属,新疆落叶松,Larix Sibirica,,乡村,散生,87.02767900°,48.72466767°,国有,,229.12,3,回归估测,16,226.08,310.86,3.25,3.5,3,1372.6,无坡向,平坡,平地,灰色森林土,25,中等,良好,良好,,,,,遗漏树木,无,,,,,,,,,3,,,,,,,,,,,,,,,,,2025,,
150,205,,,古树,新疆维吾尔自治区,65,阿勒泰地区,6543,布尔津县,654321,禾木哈纳斯蒙古民族乡,654321205,哈纳斯村委会,654321205201,哈纳斯村,松科,落叶松属,新疆落叶松,Larix Sibirica,,乡村,散生,87.02769183°,48.72466483°,国有,,195.86,3,回归估测,16,197.82,307.72,3,3,3,1374.3,无坡向,平坡,平地,灰色森林土,25,中等,良好,良好,,,,,遗漏树木,无,,,,,,,,,3,,,,,,,,,,,,,,,,,2025,,
151,206,,,古树,新疆维吾尔自治区,65,阿勒泰地区,6543,布尔津县,654321,禾木哈纳斯蒙古民族乡,654321205,哈纳斯村委会,654321205201,哈纳斯村,松科,落叶松属,新疆落叶松,Larix Sibirica,,乡村,散生,87.02759450°,48.72483567°,国有,,319.66,3,回归估测,20,303.01,408.2,3,4.5,2.5,1375.8,无坡向,平坡,平地,灰色森林土,25,中等,良好,良好,,,,,遗漏树木,无,,,,,,,,,3,,,,,,,,,,,,,,,,,2025,,
152,207,,,古树,新疆维吾尔自治区,65,阿勒泰地区,6543,布尔津县,654321,禾木哈纳斯蒙古民族乡,654321205,哈纳斯村委会,654321205201,哈纳斯村,松科,落叶松属,新疆落叶松,Larix Sibirica,,乡村,散生,87.02730517°,48.72494000°,国有,,206.95,3,回归估测,18,207.24,298.3,3.5,3,4,1378.2,无坡向,平坡,平地,灰色森林土,25,中等,良好,良好,,,,,遗漏树木,无,,,,,,,,,3,,,,,,,,,,,,,,,,,2025,,
153,208,,,古树,新疆维吾尔自治区,65,阿勒泰地区,6543,布尔津县,654321,禾木哈纳斯蒙古民族乡,654321205,哈纳斯村委会,654321205201,哈纳斯村,松科,云杉属,西伯利亚云杉,Picea obovata,,乡村,散生,87.02706817°,48.72549583°,国有,,105.58,3,回归估测,20,210.38,276.32,4.25,5,3.5,1373.1,无坡向,平坡,平地,灰色森林土,25,中等,良好,良好,,,,,遗漏树木,无,,,,,,,,,3,,,,,,,,,,,,,,,,,2025,,
154,211,,,古树,新疆维吾尔自治区,65,阿勒泰地区,6543,布尔津县,654321,禾木哈纳斯蒙古民族乡,654321205,哈纳斯村委会,654321205201,哈纳斯村,松科,松属,五针松,Pinus sibirica,,乡村,散生,87.02589117°,48.72724633°,国有,,151.52,3,回归估测,14,160.14,191.54,4,4,4,1372.1,无坡向,平坡,平地,灰色森林土,25,中等,良好,良好,,,,,遗漏树木,无,,,,,,,,,3,,,,,,,,,,,,,,,,,2025,,
155,212,,,古树,新疆维吾尔自治区,65,阿勒泰地区,6543,布尔津县,654321,禾木哈纳斯蒙古民族乡,654321205,哈纳斯村委会,654321205201,哈纳斯村,松科,落叶松属,新疆落叶松,Larix Sibirica,,乡村,散生,87.02521483°,48.72860817°,国有,,186.7,3,回归估测,18,191.54,273.18,4.5,4,5,1372.7,无坡向,平坡,平地,灰色森林土,25,中等,良好,良好,,,,,遗漏树木,无,,,,,,,,,3,,,,,,,,,,,,,,,,,2025,,
156,213,,,古树,新疆维吾尔自治区,65,阿勒泰地区,6543,布尔津县,654321,禾木哈纳斯蒙古民族乡,654321205,哈纳斯村委会,654321205201,哈纳斯村,松科,落叶松属,新疆落叶松,Larix Sibirica,,乡村,散生,87.02500667°,48.72870950°,国有,,206.95,3,回归估测,15,207.24,288.88,4.5,4,5,1373,无坡向,平坡,平地,灰色森林土,25,中等,良好,良好,,,,,遗漏树木,无,,,,,,,,,3,,,,,,,,,,,,,,,,,2025,,
157,215,,,古树,新疆维吾尔自治区,65,阿勒泰地区,6543,布尔津县,654321,禾木哈纳斯蒙古民族乡,654321205,哈纳斯村委会,654321205201,哈纳斯村,松科,落叶松属,新疆落叶松,Larix Sibirica,,乡村,散生,87.02468817°,48.72901483°,国有,,203.25,3,回归估测,16,204.1,263.76,2.5,4,3,1371.2,无坡向,平坡,平地,灰色森林土,20,中等,良好,良好,,,,,遗漏树木,无,,,,,,,,,3,,,,,,,,,,,,,,,,,2025,,
158,217,,,古树,新疆维吾尔自治区,65,阿勒泰地区,6543,布尔津县,654321,禾木哈纳斯蒙古民族乡,654321205,哈纳斯村委会,654321205201,哈纳斯村,松科,落叶松属,新疆落叶松,Larix Sibirica,,乡村,散生,87.02452367°,48.72928717°,国有,,254.99,3,回归估测,17,248.06,317.14,3,3,3,1370.9,无坡向,平坡,平地,灰色森林土,20,中等,良好,良好,,,,,遗漏树木,无,,,,,,,,,3,,,,,,,,,,,,,,,,,2025,,
159,218,,,古树,新疆维吾尔自治区,65,阿勒泰地区,6543,布尔津县,654321,禾木哈纳斯蒙古民族乡,654321205,哈纳斯村委会,654321205201,哈纳斯村,松科,落叶松属,新疆落叶松,Larix Sibirica,,乡村,散生,87.02235250°,48.73238733°,国有,,266.08,3,回归估测,14,257.48,257.48,3,3,3,1381.8,无坡向,平坡,平地,灰色森林土,20,中等,良好,良好,,,,,遗漏树木,无,,,,,,,,,3,,,,,,,,,,,,,,,,,2025,,
160,224,,,古树,新疆维吾尔自治区,65,阿勒泰地区,6543,布尔津县,654321,禾木哈纳斯蒙古民族乡,654321205,哈纳斯村委会,654321205201,哈纳斯村,松科,落叶松属,新疆落叶松,Larix Sibirica,,乡村,散生,87.02017883°,48.73501400°,国有,,195.86,3,回归估测,16,197.82,273.18,3,3,3,1378.4,无坡向,平坡,平地,灰色森林土,30,中等,良好,良好,,,,,遗漏树木,无,,,,,,,,,3,,,,,,,,,,,,,,,,,2025,,
161,225,,,古树,新疆维吾尔自治区,65,阿勒泰地区,6543,布尔津县,654321,禾木哈纳斯蒙古民族乡,654321205,哈纳斯村委会,654321205201,哈纳斯村,松科,落叶松属,新疆落叶松,Larix Sibirica,,乡村,散生,87.01930967°,48.73625833°,国有,,251.3,3,回归估测,21,244.92,376.8,4.5,6,3,1374.1,无坡向,平坡,平地,灰色森林土,30,中等,良好,良好,,,,,遗漏树木,无,,,,,,,,,3,,,,,,,,,,,,,,,,,2025,,
162,226,,,古树,新疆维吾尔自治区,65,阿勒泰地区,6543,布尔津县,654321,禾木哈纳斯蒙古民族乡,654321205,哈纳斯村委会,654321205201,哈纳斯村,松科,云杉属,西伯利亚云杉,Picea obovata,,乡村,散生,87.01918883°,48.73634783°,国有,,150.59,3,回归估测,20,292.02,314,3.5,3,4,1370.6,无坡向,平坡,平地,灰色森林土,30,中等,良好,良好,,,,,遗漏树木,无,,,,,,,,,3,,,,,,,,,,,,,,,,,2025,,
163,227,,,古树,新疆维吾尔自治区,65,阿勒泰地区,6543,布尔津县,654321,禾木哈纳斯蒙古民族乡,654321205,哈纳斯村委会,654321205201,哈纳斯村,松科,落叶松属,新疆落叶松,Larix Sibirica,,乡村,散生,87.01887950°,48.73758667°,国有,,221.73,3,回归估测,16,219.8,251.2,5.5,5,6,1417.5,无坡向,平坡,平地,灰色森林土,30,中等,良好,良好,,,,,遗漏树木,无,,,,,,,,,3,,,,,,,,,,,,,,,,,2025,,
164,228,,,古树,新疆维吾尔自治区,65,阿勒泰地区,6543,布尔津县,654321,禾木哈纳斯蒙古民族乡,654321205,哈纳斯村委会,654321205201,哈纳斯村,松科,落叶松属,新疆落叶松,Larix Sibirica,,乡村,散生,87.01847317°,48.73810550°,国有,,229.12,3,回归估测,16,226.08,257.48,5.6,5.6,5.6,1439.8,无坡向,平坡,平地,灰色森林土,30,中等,良好,良好,,,,,遗漏树木,无,,,,,,,,,3,,,,,,,,,,,,,,,,,2025,,
165,229,,,古树,新疆维吾尔自治区,65,阿勒泰地区,6543,布尔津县,654321,禾木哈纳斯蒙古民族乡,654321205,哈纳斯村委会,654321205201,哈纳斯村,松科,落叶松属,新疆落叶松,Larix Sibirica,,乡村,散生,87.01755967°,48.73894950°,国有,,240.21,3,回归估测,17,235.5,270.04,8.25,9,7.5,1433.6,无坡向,平坡,平地,灰色森林土,25,中等,良好,良好,,,,,遗漏树木,无,,,,,,,,,3,,,,,,,,,,,,,,,,,2025,,
166,230,,,古树,新疆维吾尔自治区,65,阿勒泰地区,6543,布尔津县,654321,禾木哈纳斯蒙古民族乡,654321205,哈纳斯村委会,654321205201,哈纳斯村,松科,落叶松属,新疆落叶松,Larix Sibirica,,乡村,散生,87.01771050°,48.73901783°,国有,,221.73,3,回归估测,15,219.8,257.48,7.25,7.8,6.7,1428.1,无坡向,平坡,平地,灰色森林土,25,中等,良好,良好,,,,,遗漏树木,无,,,,,,,,,3,,,,,,,,,,,,,,,,,2025,,
167,231,,,古树,新疆维吾尔自治区,65,阿勒泰地区,6543,布尔津县,654321,禾木哈纳斯蒙古民族乡,654321205,哈纳斯村委会,654321205201,哈纳斯村,松科,落叶松属,新疆落叶松,Larix Sibirica,,乡村,散生,87.02921267°,48.69565833°,国有,,203.25,3,回归估测,18,204.1,238.64,3.25,3.2,3.3,1362.4,无坡向,平坡,平地,灰色森林土,25,中等,良好,良好,,,,,遗漏树木,无,,,,,,,,,3,,,,,,,,,,,,,,,,,2025,,
168,232,,,古树,新疆维吾尔自治区,65,阿勒泰地区,6543,布尔津县,654321,禾木哈纳斯蒙古民族乡,654321205,哈纳斯村委会,654321205201,哈纳斯村,松科,落叶松属,新疆落叶松,Larix Sibirica,,乡村,散生,87.02955750°,48.69664700°,国有,,254.99,3,回归估测,17,248.06,282.6,4.45,4.5,4.4,1359.6,无坡向,平坡,平地,灰色森林土,25,中等,良好,良好,,,,,遗漏树木,无,,,,,,,,,3,,,,,,,,,,,,,,,,,2025,,
169,233,,,古树,新疆维吾尔自治区,65,阿勒泰地区,6543,布尔津县,654321,禾木哈纳斯蒙古民族乡,654321205,哈纳斯村委会,654321205201,卧龙湾-鸭泽湖,松科,落叶松属,新疆落叶松,Larix Sibirica,,乡村,散生,87.04960600°,48.62187767°,国有,,203.25,3,回归估测,16,204.1,266.9,5.2,4.3,6.1,1362.1,无坡向,平坡,平地,灰色森林土,25,中等,良好,良好,,,,,遗漏树木,无,,,,,,,,,3,,,,,,,,,,,,,,,,,2025,,
170,234,,,古树,新疆维吾尔自治区,65,阿勒泰地区,6543,布尔津县,654321,禾木哈纳斯蒙古民族乡,654321205,哈纳斯村委会,654321205201,卧龙湾-鸭泽湖,松科,落叶松属,新疆落叶松,Larix Sibirica,,乡村,散生,87.04958500°,48.62175850°,国有,,232.82,3,回归估测,16,229.22,263.76,5.5,5,6,1360.8,无坡向,平坡,平地,灰色森林土,25,中等,良好,良好,,,,,遗漏树木,无,,,,,,,,,3,,,,,,,,,,,,,,,,,2025,,
171,235,,,古树,新疆维吾尔自治区,65,阿勒泰地区,6543,布尔津县,654321,禾木哈纳斯蒙古民族乡,654321205,哈纳斯村委会,654321205201,卧龙湾-鸭泽湖,松科,落叶松属,新疆落叶松,Larix Sibirica,,乡村,散生,87.04954250°,48.62173033°,国有,,186.7,3,回归估测,15,191.54,232.36,5.5,6,5,1363.4,无坡向,平坡,平地,灰色森林土,25,中等,良好,良好,,,,,遗漏树木,无,,,,,,,,,3,,,,,,,,,,,,,,,,,2025,,
172,236,,,古树,新疆维吾尔自治区,65,阿勒泰地区,6543,布尔津县,654321,禾木哈纳斯蒙古民族乡,654321205,哈纳斯村委会,654321205201,卧龙湾-鸭泽湖,松科,落叶松属,新疆落叶松,Larix Sibirica,,乡村,散生,87.04944567°,48.62169817°,国有,,310.43,3,回归估测,19,295.16,364.24,6,6,6,1356.2,无坡向,平坡,平地,灰色森林土,25,中等,良好,良好,,,,,遗漏树木,无,,,,,,,,,3,,,,,,,,,,,,,,,,,2025,,
173,237,,,古树,新疆维吾尔自治区,65,阿勒泰地区,6543,布尔津县,654321,禾木哈纳斯蒙古民族乡,654321205,哈纳斯村委会,654321205201,卧龙湾-鸭泽湖,松科,落叶松属,新疆落叶松,Larix Sibirica,,乡村,散生,87.04938917°,48.62183917°,国有,,240.21,3,回归估测,17,235.5,260.62,5.5,6,5,1357.8,无坡向,平坡,平地,灰色森林土,25,中等,良好,良好,,,,,遗漏树木,无,,,,,,,,,3,,,,,,,,,,,,,,,,,2025,,
174,238,,,古树,新疆维吾尔自治区,65,阿勒泰地区,6543,布尔津县,654321,禾木哈纳斯蒙古民族乡,654321205,哈纳斯村委会,654321205201,卧龙湾-鸭泽湖,松科,落叶松属,新疆落叶松,Larix Sibirica,,乡村,散生,87.04936650°,48.62163783°,国有,,269.77,3,回归估测,17,260.62,339.12,5.5,6,5,1358.7,无坡向,平坡,平地,灰色森林土,25,中等,良好,良好,,,,,遗漏树木,无,,,,,,,,,3,,,,,,,,,,,,,,,,,2025,,
175,239,,,古树,新疆维吾尔自治区,65,阿勒泰地区,6543,布尔津县,654321,禾木哈纳斯蒙古民族乡,654321205,哈纳斯村委会,654321205201,卧龙湾-鸭泽湖,松科,落叶松属,新疆落叶松,Larix Sibirica,,乡村,散生,87.04942050°,48.62161883°,国有,,138.7,3,回归估测,15,166.42,194.68,5.6,5.6,5.6,1360.7,无坡向,平坡,平地,灰色森林土,25,中等,良好,良好,,,,,遗漏树木,无,,,,,,,,,3,,,,,,,,,,,,,,,,,2025,,
176,240,,,古树,新疆维吾尔自治区,65,阿勒泰地区,6543,布尔津县,654321,禾木哈纳斯蒙古民族乡,654321205,哈纳斯村委会,654321205201,卧龙湾-鸭泽湖,松科,落叶松属,新疆落叶松,Larix Sibirica,,乡村,散生,87.04949933°,48.62161833°,国有,,135.1,3,回归估测,15,163.28,188.4,8.25,9,7.5,1360.4,无坡向,平坡,平地,灰色森林土,25,中等,良好,良好,,,,,遗漏树木,无,,,,,,,,,3,,,,,,,,,,,,,,,,,2025,,
177,241,,,古树,新疆维吾尔自治区,65,阿勒泰地区,6543,布尔津县,654321,禾木哈纳斯蒙古民族乡,654321205,哈纳斯村委会,654321205201,卧龙湾-鸭泽湖,松科,落叶松属,新疆落叶松,Larix Sibirica,,乡村,散生,87.04948796°,48.62161496°,国有,,191.7,3,回归估测,16,194.68,226.08,7.25,7.8,6.7,1359.6,无坡向,平坡,平地,灰色森林土,30,中等,良好,良好,,,,,遗漏树木,无,,,,,,,,,3,,,,,,,,,,,,,,,,,2025,,
178,242,,,古树,新疆维吾尔自治区,65,阿勒泰地区,6543,布尔津县,654321,禾木哈纳斯蒙古民族乡,654321205,哈纳斯村委会,654321205201,卧龙湾-鸭泽湖,松科,落叶松属,新疆落叶松,Larix Sibirica,,乡村,散生,87.04965267°,48.62165733°,国有,,135.1,3,回归估测,16,163.28,204.1,3.25,3.2,3.3,1365.3,无坡向,平坡,平地,灰色森林土,30,中等,良好,良好,,,,,遗漏树木,无,,,,,,,,,3,,,,,,,,,,,,,,,,,2025,,
179,243,,,古树,新疆维吾尔自治区,65,阿勒泰地区,6543,布尔津县,654321,禾木哈纳斯蒙古民族乡,654321205,哈纳斯村委会,654321205201,卧龙湾-鸭泽湖,松科,落叶松属,新疆落叶松,Larix Sibirica,,乡村,散生,87.04961133°,48.62166183°,国有,,138.7,3,回归估测,16,166.42,200.96,4.45,4.5,4.4,1365.8,无坡向,平坡,平地,灰色森林土,30,中等,良好,良好,,,,,遗漏树木,无,,,,,,,,,3,,,,,,,,,,,,,,,,,2025,,
180,244,,,古树,新疆维吾尔自治区,65,阿勒泰地区,6543,布尔津县,654321,禾木哈纳斯蒙古民族乡,654321205,哈纳斯村委会,654321205201,卧龙湾-鸭泽湖,松科,落叶松属,新疆落叶松,Larix Sibirica,,乡村,散生,87.04970167°,48.62177083°,国有,,195.86,3,回归估测,16,197.82,232.36,3,3,3,1367,无坡向,平坡,平地,灰色森林土,30,中等,良好,良好,,,,,遗漏树木,无,,,,,,,,,3,,,,,,,,,,,,,,,,,2025,,
181,245,,,古树,新疆维吾尔自治区,65,阿勒泰地区,6543,布尔津县,654321,禾木哈纳斯蒙古民族乡,654321205,哈纳斯村委会,654321205201,卧龙湾-鸭泽湖,松科,落叶松属,新疆落叶松,Larix Sibirica,,乡村,散生,87.04814400°,48.62169467°,国有,,191.7,3,回归估测,17,194.68,251.2,3,3,3,1329.2,无坡向,平坡,平地,灰色森林土,30,中等,良好,良好,,,,,遗漏树木,无,,,,,,,,,3,,,,,,,,,,,,,,,,,2025,,
182,246,,,古树,新疆维吾尔自治区,65,阿勒泰地区,6543,布尔津县,654321,禾木哈纳斯蒙古民族乡,654321205,哈纳斯村委会,654321205201,卧龙湾-鸭泽湖,松科,落叶松属,新疆落叶松,Larix Sibirica,,乡村,散生,87.04812750°,48.62170567°,国有,,181.1,3,回归估测,17,188.4,251.2,4,4,4,1329.4,无坡向,平坡,平地,灰色森林土,30,中等,良好,良好,,,,,遗漏树木,无,,,,,,,,,3,,,,,,,,,,,,,,,,,2025,,
183,247,,,古树,新疆维吾尔自治区,65,阿勒泰地区,6543,布尔津县,654321,禾木哈纳斯蒙古民族乡,654321205,哈纳斯村委会,654321205201,卧龙湾-鸭泽湖,松科,云杉属,西伯利亚云杉,Picea obovata,,乡村,散生,87.04780050°,48.62187733°,国有,,107.32,3,回归估测,16,213.52,266.9,4,5,3,1326,无坡向,平坡,平地,灰色森林土,30,中等,良好,良好,,,,,遗漏树木,无,,,,,,,,,3,,,,,,,,,,,,,,,,,2025,,
184,248,,,古树,新疆维吾尔自治区,65,阿勒泰地区,6543,布尔津县,654321,禾木哈纳斯蒙古民族乡,654321205,哈纳斯村委会,654321205201,卧龙湾-鸭泽湖,松科,云杉属,西伯利亚云杉,Picea obovata,,乡村,散生,87.04768467°,48.62193217°,国有,,100.39,3,回归估测,16,200.96,219.8,4.5,4,5,1326.4,无坡向,平坡,平地,灰色森林土,30,中等,良好,良好,,,,,遗漏树木,无,,,,,,,,,3,,,,,,,,,,,,,,,,,2025,,
185,249,,,古树,新疆维吾尔自治区,65,阿勒泰地区,6543,布尔津县,654321,禾木哈纳斯蒙古民族乡,654321205,哈纳斯村委会,654321205201,卧龙湾-鸭泽湖,松科,落叶松属,新疆落叶松,Larix Sibirica,,乡村,散生,87.04715317°,48.62219817°,国有,,258.69,3,回归估测,17,251.2,314,3.5,4,3,1335.3,无坡向,平坡,平地,灰色森林土,30,中等,良好,良好,,,,,遗漏树木,无,,,,,,,,,3,,,,,,,,,,,,,,,,,2025,,
186,250,,,古树,新疆维吾尔自治区,65,阿勒泰地区,6543,布尔津县,654321,禾木哈纳斯蒙古民族乡,654321205,哈纳斯村委会,654321205201,卧龙湾-鸭泽湖,松科,落叶松属,新疆落叶松,Larix Sibirica,,乡村,散生,87.04569800°,48.62261517°,国有,,195.86,3,回归估测,16,197.82,235.5,5,6,4,1332.8,无坡向,平坡,平地,灰色森林土,30,中等,良好,良好,,,,,遗漏树木,无,,,,,,,,,3,,,,,,,,,,,,,,,,,2025,,
187,251,,,古树,新疆维吾尔自治区,65,阿勒泰地区,6543,布尔津县,654321,禾木哈纳斯蒙古民族乡,654321205,哈纳斯村委会,654321205201,卧龙湾-鸭泽湖,松科,落叶松属,新疆落叶松,Larix Sibirica,,乡村,散生,87.04566183°,48.62262783°,国有,,303.03,3,回归估测,18,288.88,314,4,3,5,1331.9,无坡向,平坡,平地,灰色森林土,25,中等,良好,良好,,,,,遗漏树木,无,,,,,,,,,3,,,,,,,,,,,,,,,,,2025,,
188,252,,,古树,新疆维吾尔自治区,65,阿勒泰地区,6543,布尔津县,654321,禾木哈纳斯蒙古民族乡,654321205,哈纳斯村委会,654321205201,卧龙湾-鸭泽湖,松科,云杉属,西伯利亚云杉,Picea obovata,,乡村,散生,87.04563417°,48.62261600°,国有,,110.78,3,回归估测,17,219.8,235.5,5.5,5,6,1332.4,无坡向,平坡,平地,灰色森林土,25,中等,良好,良好,,,,,遗漏树木,无,,,,,,,,,3,,,,,,,,,,,,,,,,,2025,,
189,253,,,古树,新疆维吾尔自治区,65,阿勒泰地区,6543,布尔津县,654321,禾木哈纳斯蒙古民族乡,654321205,哈纳斯村委会,654321205201,卧龙湾-鸭泽湖,松科,云杉属,西伯利亚云杉,Picea obovata,,乡村,散生,87.04562733°,48.62261367°,国有,,119.43,3,回归估测,17,235.5,266.9,7,7,7,1330.7,无坡向,平坡,平地,灰色森林土,25,中等,良好,良好,,,,,遗漏树木,无,,,,,,,,,3,,,,,,,,,,,,,,,,,2025,,
190,254,,,古树,新疆维吾尔自治区,65,阿勒泰地区,6543,布尔津县,654321,禾木哈纳斯蒙古民族乡,654321205,哈纳斯村委会,654321205201,卧龙湾-鸭泽湖,松科,落叶松属,新疆落叶松,Larix Sibirica,,乡村,散生,87.04550867°,48.62263667°,国有,,221.73,3,回归估测,16,219.8,282.6,4.75,4.5,5,1329.6,无坡向,平坡,平地,灰色森林土,25,中等,良好,良好,,,,,遗漏树木,无,,,,,,,,,3,,,,,,,,,,,,,,,,,2025,,
191,255,,,古树,新疆维吾尔自治区,65,阿勒泰地区,6543,布尔津县,654321,禾木哈纳斯蒙古民族乡,654321205,哈纳斯村委会,654321205201,卧龙湾-鸭泽湖,松科,云杉属,西伯利亚云杉,Picea obovata,,乡村,散生,87.04540667°,48.62262517°,国有,,128.09,3,回归估测,17,251.2,314,3.5,3,4,1324.7,无坡向,平坡,平地,灰色森林土,25,中等,良好,良好,,,,,遗漏树木,无,,,,,,,,,3,,,,,,,,,,,,,,,,,2025,,
192,256,,,古树,新疆维吾尔自治区,65,阿勒泰地区,6543,布尔津县,654321,禾木哈纳斯蒙古民族乡,654321205,哈纳斯村委会,654321205201,卧龙湾-鸭泽湖,松科,落叶松属,新疆落叶松,Larix Sibirica,,乡村,散生,87.04520617°,48.62264367°,国有,,295.64,3,回归估测,18,282.6,345.4,5.5,6,5,1325,无坡向,平坡,平地,灰色森林土,25,中等,良好,良好,,,,,遗漏树木,无,,,,,,,,,3,,,,,,,,,,,,,,,,,2025,,
193,257,,,古树,新疆维吾尔自治区,65,阿勒泰地区,6543,布尔津县,654321,禾木哈纳斯蒙古民族乡,654321205,哈纳斯村委会,654321205201,卧龙湾-鸭泽湖,松科,云杉属,西伯利亚云杉,Picea obovata,,乡村,散生,87.04371900°,48.62303133°,国有,,102.12,3,回归估测,16,204.1,219.8,4.5,4,5,1327.7,无坡向,平坡,平地,灰色森林土,25,中等,良好,良好,,,,,遗漏树木,无,,,,,,,,,3,,,,,,,,,,,,,,,,,2025,,
194,258,,,古树,新疆维吾尔自治区,65,阿勒泰地区,6543,布尔津县,654321,禾木哈纳斯蒙古民族乡,654321205,哈纳斯村委会,654321205201,卧龙湾-鸭泽湖,松科,落叶松属,新疆落叶松,Larix Sibirica,,乡村,散生,87.04356050°,48.62300300°,国有,,214.34,3,回归估测,16,213.52,251.2,4.5,5,4,1326.5,无坡向,平坡,平地,灰色森林土,25,中等,良好,良好,,,,,遗漏树木,无,,,,,,,,,3,,,,,,,,,,,,,,,,,2025,,
195,259,,,古树,新疆维吾尔自治区,65,阿勒泰地区,6543,布尔津县,654321,禾木哈纳斯蒙古民族乡,654321205,哈纳斯村委会,654321205201,卧龙湾-鸭泽湖,松科,落叶松属,新疆落叶松,Larix Sibirica,,乡村,散生,87.04343333°,48.62309100°,国有,,181.1,3,回归估测,15,188.4,219.8,4.5,5,4,1331.4,无坡向,平坡,平地,灰色森林土,25,中等,良好,良好,,,,,遗漏树木,无,,,,,,,,,3,,,,,,,,,,,,,,,,,2025,,
196,260,,,古树,新疆维吾尔自治区,65,阿勒泰地区,6543,布尔津县,654321,禾木哈纳斯蒙古民族乡,654321205,哈纳斯村委会,654321205201,卧龙湾-鸭泽湖,松科,落叶松属,新疆落叶松,Larix Sibirica,,乡村,散生,87.04339900°,48.62319233°,国有,,149,3,回归估测,15,172.7,204.1,3.5,4,3,1334.3,无坡向,平坡,平地,灰色森林土,25,中等,良好,良好,,,,,遗漏树木,无,,,,,,,,,3,,,,,,,,,,,,,,,,,2025,,
197,261,,,古树,新疆维吾尔自治区,65,阿勒泰地区,6543,布尔津县,654321,禾木哈纳斯蒙古民族乡,654321205,哈纳斯村委会,654321205201,卧龙湾-鸭泽湖,松科,落叶松属,新疆落叶松,Larix Sibirica,,乡村,散生,87.04273650°,48.62338317°,国有,,221.73,3,回归估测,18,219.8,266.9,5,5,5,1337.8,无坡向,平坡,平地,灰色森林土,25,中等,良好,良好,,,,,遗漏树木,无,,,,,,,,,3,,,,,,,,,,,,,,,,,2025,,
198,262,,,古树,新疆维吾尔自治区,65,阿勒泰地区,6543,布尔津县,654321,禾木哈纳斯蒙古民族乡,654321205,哈纳斯村委会,654321205201,卧龙湾-鸭泽湖,松科,云杉属,西伯利亚云杉,Picea obovata,,乡村,散生,87.04151283°,48.62407467°,国有,,107.32,3,回归估测,18,213.52,251.2,5.5,5,6,1330.2,无坡向,平坡,平地,灰色森林土,25,中等,良好,良好,,,,,遗漏树木,无,,,,,,,,,3,,,,,,,,,,,,,,,,,2025,,
199,263,,,古树,新疆维吾尔自治区,65,阿勒泰地区,6543,布尔津县,654321,禾木哈纳斯蒙古民族乡,654321205,哈纳斯村委会,654321205201,卧龙湾-鸭泽湖,松科,云杉属,西伯利亚云杉,Picea obovata,,乡村,散生,87.04093900°,48.62445833°,国有,,136.74,3,回归估测,17,266.9,314,5.5,5,6,1327.6,无坡向,平坡,平地,灰色森林土,20,中等,良好,良好,,,,,遗漏树木,无,,,,,,,,,3,,,,,,,,,,,,,,,,,2025,,
200,266,,,古树,新疆维吾尔自治区,65,阿勒泰地区,6543,布尔津县,654321,禾木哈纳斯蒙古民族乡,654321205,哈纳斯村委会,654321205201,卧龙湾-鸭泽湖,松科,落叶松属,新疆落叶松,Larix Sibirica,,乡村,散生,87.04443950°,48.63049800°,国有,,181.1,3,回归估测,15,188.4,248.06,3,3,3,1331.7,无坡向,平坡,平地,灰色森林土,20,中等,良好,良好,,,,,遗漏树木,无,,,,,,,,,3,,,,,,,,,,,,,,,,,2025,,
201,267,,,古树,新疆维吾尔自治区,65,阿勒泰地区,6543,布尔津县,654321,禾木哈纳斯蒙古民族乡,654321205,哈纳斯村委会,654321205201,卧龙湾-鸭泽湖,松科,落叶松属,新疆落叶松,Larix Sibirica,,乡村,散生,87.04467950°,48.63085167°,国有,,149,3,回归估测,15,172.7,204.1,4,4,4,1333.5,无坡向,平坡,平地,灰色森林土,20,中等,良好,良好,,,,,遗漏树木,无,,,,,,,,,3,,,,,,,,,,,,,,,,,2025,,
202,268,,,古树,新疆维吾尔自治区,65,阿勒泰地区,6543,布尔津县,654321,禾木哈纳斯蒙古民族乡,654321205,哈纳斯村委会,654321205201,卧龙湾-鸭泽湖,松科,落叶松属,新疆落叶松,Larix Sibirica,,乡村,散生,87.04507067°,48.63166933°,国有,,221.73,3,回归估测,18,219.8,251.2,9.2,8.4,10,1333.8,无坡向,平坡,平地,灰色森林土,20,中等,良好,良好,,,,,遗漏树木,无,,,,,,,,,3,,,,,,,,,,,,,,,,,2025,,
203,269,,,古树,新疆维吾尔自治区,65,阿勒泰地区,6543,布尔津县,654321,禾木哈纳斯蒙古民族乡,654321205,哈纳斯村委会,654321205201,卧龙湾-鸭泽湖,松科,落叶松属,新疆落叶松,Larix Sibirica,,乡村,散生,87.04510750°,48.63191517°,国有,,461.94,2,回归估测,21,423.9,439.6,9.5,9,10,1333.7,无坡向,平坡,平地,灰色森林土,20,中等,良好,良好,,,,,遗漏树木,无,,,,,,,,,3,,,,,,,,,,,,,,,,,2025,,
204,270,,,古树,新疆维吾尔自治区,65,阿勒泰地区,6543,布尔津县,654321,禾木哈纳斯蒙古民族乡,654321205,哈纳斯村委会,654321205201,卧龙湾-鸭泽湖,松科,落叶松属,新疆落叶松,Larix Sibirica,,乡村,散生,87.04489233°,48.63387083°,国有,,181.1,3,回归估测,15,188.4,251.2,6.5,7,6,1344,无坡向,平坡,平地,灰色森林土,20,中等,良好,良好,,,,,遗漏树木,无,,,,,,,,,3,,,,,,,,,,,,,,,,,2025,,
205,271,,,古树,新疆维吾尔自治区,65,阿勒泰地区,6543,布尔津县,654321,禾木哈纳斯蒙古民族乡,654321205,哈纳斯村委会,654321205201,卧龙湾-鸭泽湖,松科,落叶松属,新疆落叶松,Larix Sibirica,,乡村,散生,87.04555900°,48.63403667°,国有,,240.21,3,回归估测,16,235.5,282.6,6,6,6,1382,无坡向,平坡,平地,灰色森林土,20,中等,良好,良好,,,,,遗漏树木,无,,,,,,,,,3,,,,,,,,,,,,,,,,,2025,,
206,272,,,古树,新疆维吾尔自治区,65,阿勒泰地区,6543,布尔津县,654321,禾木哈纳斯蒙古民族乡,654321205,哈纳斯村委会,654321205201,卧龙湾-鸭泽湖,松科,落叶松属,新疆落叶松,Larix Sibirica,,乡村,散生,87.04562700°,48.63403733°,国有,,181.1,3,回归估测,14,188.4,251.2,6.5,7,6,1384.9,无坡向,平坡,平地,灰色森林土,20,中等,良好,良好,,,,,遗漏树木,无,,,,,,,,,3,,,,,,,,,,,,,,,,,2025,,
207,273,,,古树,新疆维吾尔自治区,65,阿勒泰地区,6543,布尔津县,654321,禾木哈纳斯蒙古民族乡,654321205,哈纳斯村委会,654321205201,卧龙湾-鸭泽湖,松科,落叶松属,新疆落叶松,Larix Sibirica,,乡村,散生,87.04598067°,48.63378050°,国有,,258.69,3,回归估测,18,251.2,282.6,6,5,7,1400,无坡向,平坡,平地,灰色森林土,20,中等,良好,良好,,,,,遗漏树木,无,,,,,,,,,3,,,,,,,,,,,,,,,,,2025,,
208,274,,,古树,新疆维吾尔自治区,65,阿勒泰地区,6543,布尔津县,654321,禾木哈纳斯蒙古民族乡,654321205,哈纳斯村委会,654321205201,哈纳斯村,松科,落叶松属,新疆落叶松,Larix Sibirica,,乡村,散生,87.00842167°,48.69815167°,国有,,288.25,3,回归估测,19,276.32,361.1,7,6.5,7.5,1397.3,无坡向,平坡,平地,灰色森林土,20,中等,良好,良好,,,,,遗漏树木,无,,,,,,,,,3,,,,,,,,,,,,,,,,,2025,,
209,275,,,古树,新疆维吾尔自治区,65,阿勒泰地区,6543,布尔津县,654321,禾木哈纳斯蒙古民族乡,654321205,哈纳斯村委会,654321205201,哈纳斯村,松科,落叶松属,新疆落叶松,Larix Sibirica,,乡村,散生,87.00842167°,48.69815050°,国有,,181.1,3,回归估测,15,188.4,213.52,6,7,5,1397.2,无坡向,平坡,平地,灰色森林土,20,中等,良好,良好,,,,,遗漏树木,无,,,,,,,,,3,,,,,,,,,,,,,,,,,2025,,
210,276,,,古树,新疆维吾尔自治区,65,阿勒泰地区,6543,布尔津县,654321,禾木哈纳斯蒙古民族乡,654321205,哈纳斯村委会,654321205201,哈纳斯村,松科,落叶松属,新疆落叶松,Larix Sibirica,,乡村,散生,87.00842100°,48.69798983°,国有,,332.6,3,回归估测,20,314,376.8,11,12,10,1396.5,无坡向,平坡,平地,灰色森林土,20,中等,良好,良好,,,,,遗漏树木,无,,,,,,,,,3,,,,,,,,,,,,,,,,,2025,,
211,277,,,古树,新疆维吾尔自治区,65,阿勒泰地区,6543,布尔津县,654321,禾木哈纳斯蒙古民族乡,654321205,哈纳斯村委会,654321205201,哈纳斯村,松科,落叶松属,新疆落叶松,Larix Sibirica,,乡村,散生,87.00839667°,48.69771017°,国有,,203.25,3,回归估测,15,204.1,219.8,4.5,4,5,1397.5,无坡向,平坡,平地,灰色森林土,30,中等,良好,良好,,,,,遗漏树木,无,,,,,,,,,3,,,,,,,,,,,,,,,,,2025,,
212,278,,,古树,新疆维吾尔自治区,65,阿勒泰地区,6543,布尔津县,654321,禾木哈纳斯蒙古民族乡,654321205,哈纳斯村委会,654321205201,哈纳斯村,松科,落叶松属,新疆落叶松,Larix Sibirica,,乡村,散生,87.00855750°,48.69762917°,国有,,149,3,回归估测,14,172.7,188.4,8.5,8,9,1368.3,无坡向,平坡,平地,灰色森林土,30,中等,良好,良好,,,,,遗漏树木,无,,,,,,,,,3,,,,,,,,,,,,,,,,,2025,,
213,279,,,古树,新疆维吾尔自治区,65,阿勒泰地区,6543,布尔津县,654321,禾木哈纳斯蒙古民族乡,654321205,哈纳斯村委会,654321205201,哈纳斯村,松科,落叶松属,新疆落叶松,Larix Sibirica,,乡村,散生,87.00911150°,48.69753467°,国有,,221.73,3,回归估测,16,219.8,251.2,7.5,7,8,1386.3,无坡向,平坡,平地,灰色森林土,30,中等,良好,良好,,,,,遗漏树木,无,,,,,,,,,3,,,,,,,,,,,,,,,,,2025,,
214,280,,,古树,新疆维吾尔自治区,65,阿勒泰地区,6543,布尔津县,654321,禾木哈纳斯蒙古民族乡,654321205,哈纳斯村委会,654321205201,哈纳斯村,松科,落叶松属,新疆落叶松,Larix Sibirica,,乡村,散生,87.00914600°,48.69752917°,国有,,203.25,3,回归估测,17,204.1,266.9,7.5,7,8,1387.4,无坡向,平坡,平地,灰色森林土,30,中等,良好,良好,,,,,遗漏树木,无,,,,,,,,,3,,,,,,,,,,,,,,,,,2025,,
215,281,,,古树,新疆维吾尔自治区,65,阿勒泰地区,6543,布尔津县,654321,禾木哈纳斯蒙古民族乡,654321205,哈纳斯村委会,654321205201,哈纳斯村,松科,落叶松属,新疆落叶松,Larix Sibirica,,乡村,散生,87.00926533°,48.69728750°,国有,,306.73,3,回归估测,19,292.02,361.1,9,8,10,1388.9,无坡向,平坡,平地,灰色森林土,30,中等,良好,良好,,,,,遗漏树木,无,,,,,,,,,3,,,,,,,,,,,,,,,,,2025,,
216,282,,,古树,新疆维吾尔自治区,65,阿勒泰地区,6543,布尔津县,654321,禾木哈纳斯蒙古民族乡,654321205,哈纳斯村委会,654321205201,哈纳斯村,松科,落叶松属,新疆落叶松,Larix Sibirica,,乡村,散生,87.00940183°,48.69715267°,国有,,203.25,3,回归估测,16,204.1,251.2,11,12,10,1387.4,无坡向,平坡,平地,灰色森林土,30,中等,良好,良好,,,,,遗漏树木,无,,,,,,,,,3,,,,,,,,,,,,,,,,,2025,,
217,283,,,古树,新疆维吾尔自治区,65,阿勒泰地区,6543,布尔津县,654321,禾木哈纳斯蒙古民族乡,654321205,哈纳斯村委会,654321205201,哈纳斯村,松科,落叶松属,新疆落叶松,Larix Sibirica,,乡村,散生,87.00956450°,48.69715600°,国有,,214.34,3,回归估测,16,213.52,376.8,7.5,9,6,1388.8,无坡向,平坡,平地,灰色森林土,30,中等,良好,良好,,,,,遗漏树木,无,,,,,,,,,3,,,,,,,,,,,,,,,,,2025,,
218,284,,,古树,新疆维吾尔自治区,65,阿勒泰地区,6543,布尔津县,654321,禾木哈纳斯蒙古民族乡,654321205,哈纳斯村委会,654321205201,哈纳斯村,松科,落叶松属,新疆落叶松,Larix Sibirica,,乡村,散生,87.00982733°,48.69706467°,国有,,221.73,3,回归估测,17,219.8,251.2,9.5,10,9,1390,无坡向,平坡,平地,灰色森林土,30,中等,良好,良好,,,,,遗漏树木,无,,,,,,,,,3,,,,,,,,,,,,,,,,,2025,,
219,285,,,古树,新疆维吾尔自治区,65,阿勒泰地区,6543,布尔津县,654321,禾木哈纳斯蒙古民族乡,654321205,哈纳斯村委会,654321205201,哈纳斯村,松科,落叶松属,新疆落叶松,Larix Sibirica,,乡村,散生,87.01016350°,48.69714033°,国有,,258.69,3,回归估测,17,251.2,298.3,3,3,3,1389.8,无坡向,平坡,平地,灰色森林土,30,中等,良好,良好,,,,,遗漏树木,无,,,,,,,,,3,,,,,,,,,,,,,,,,,2025,,
220,286,,,古树,新疆维吾尔自治区,65,阿勒泰地区,6543,布尔津县,654321,禾木哈纳斯蒙古民族乡,654321205,哈纳斯村委会,654321205201,哈纳斯村,松科,落叶松属,新疆落叶松,Larix Sibirica,,乡村,散生,87.03381317°,48.69276117°,国有,,168.4,3,回归估测,16,182.12,188.4,8,8,8,1393.3,无坡向,平坡,平地,灰色森林土,30,中等,良好,良好,,,,,遗漏树木,无,,,,,,,,,3,,,,,,,,,,,,,,,,,2025,,
221,287,,,古树,新疆维吾尔自治区,65,阿勒泰地区,6543,布尔津县,654321,禾木哈纳斯蒙古民族乡,654321205,哈纳斯村委会,654321205201,哈纳斯村,松科,落叶松属,新疆落叶松,Larix Sibirica,,乡村,散生,87.03426667°,48.69338900°,国有,,181.1,3,回归估测,14,188.4,188.4,8,8,8,1395.6,无坡向,平坡,平地,灰色森林土,30,中等,良好,良好,,,,,遗漏树木,无,,,,,,,,,3,,,,,,,,,,,,,,,,,2025,,
222,288,,,古树,新疆维吾尔自治区,65,阿勒泰地区,6543,布尔津县,654321,禾木哈纳斯蒙古民族乡,654321205,哈纳斯村委会,654321205201,哈纳斯村,松科,落叶松属,新疆落叶松,Larix Sibirica,,乡村,散生,87.03427483°,48.69341433°,国有,,203.25,3,回归估测,16,204.1,219.8,7,6,8,1393.8,无坡向,平坡,平地,灰色森林土,30,中等,良好,良好,,,,,遗漏树木,无,,,,,,,,,3,,,,,,,,,,,,,,,,,2025,,
223,289,,,古树,新疆维吾尔自治区,65,阿勒泰地区,6543,布尔津县,654321,禾木哈纳斯蒙古民族乡,654321205,哈纳斯村委会,654321205201,哈纳斯村,松科,落叶松属,新疆落叶松,Larix Sibirica,,乡村,散生,87.03438867°,48.69352267°,国有,,181.1,3,回归估测,15,188.4,219.8,3,3,3,1393,无坡向,平坡,平地,灰色森林土,30,中等,良好,良好,,,,,遗漏树木,无,,,,,,,,,3,,,,,,,,,,,,,,,,,2025,,
224,290,,,古树,新疆维吾尔自治区,65,阿勒泰地区,6543,布尔津县,654321,禾木哈纳斯蒙古民族乡,654321205,哈纳斯村委会,654321205201,哈纳斯村,松科,落叶松属,新疆落叶松,Larix Sibirica,,乡村,散生,87.03453933°,48.69362750°,国有,,168.4,3,回归估测,15,182.12,188.4,5.5,6,5,1395.5,无坡向,平坡,平地,灰色森林土,30,中等,良好,良好,,,,,遗漏树木,无,,,,,,,,,3,,,,,,,,,,,,,,,,,2025,,
225,291,,,古树,新疆维吾尔自治区,65,阿勒泰地区,6543,布尔津县,654321,禾木哈纳斯蒙古民族乡,654321205,哈纳斯村委会,654321205201,哈纳斯村,松科,落叶松属,新疆落叶松,Larix Sibirica,,乡村,散生,87.03478100°,48.69371883°,国有,,266.08,3,回归估测,18,257.48,298.3,6.5,8,5,1398.1,无坡向,平坡,平地,灰色森林土,30,中等,良好,良好,,,,,遗漏树木,无,,,,,,,,,3,,,,,,,,,,,,,,,,,2025,,
226,292,,,古树,新疆维吾尔自治区,65,阿勒泰地区,6543,布尔津县,654321,禾木哈纳斯蒙古民族乡,654321205,哈纳斯村委会,654321205201,哈纳斯村,松科,落叶松属,新疆落叶松,Larix Sibirica,,乡村,散生,87.03479633°,48.69389650°,国有,,206.95,3,回归估测,17,207.24,219.8,5,5,5,1394.9,无坡向,平坡,平地,灰色森林土,30,中等,良好,良好,,,,,遗漏树木,无,,,,,,,,,3,,,,,,,,,,,,,,,,,2025,,
227,293,,,古树,新疆维吾尔自治区,65,阿勒泰地区,6543,布尔津县,654321,禾木哈纳斯蒙古民族乡,654321205,哈纳斯村委会,654321205201,哈纳斯村,松科,落叶松属,新疆落叶松,Larix Sibirica,,乡村,散生,87.03487667°,48.69405017°,国有,,221.73,3,回归估测,17,219.8,266.9,6.5,7,6,1392.3,无坡向,平坡,平地,灰色森林土,30,中等,良好,良好,,,,,遗漏树木,无,,,,,,,,,3,,,,,,,,,,,,,,,,,2025,,
228,294,,,古树,新疆维吾尔自治区,65,阿勒泰地区,6543,布尔津县,654321,禾木哈纳斯蒙古民族乡,654321205,哈纳斯村委会,654321205201,哈纳斯村,松科,落叶松属,新疆落叶松,Larix Sibirica,,乡村,散生,87.03684817°,48.69882433°,国有,,232.82,3,回归估测,17,229.22,251.2,5.5,5,6,1396.5,无坡向,平坡,平地,灰色森林土,30,中等,良好,良好,,,,,遗漏树木,无,,,,,,,,,3,,,,,,,,,,,,,,,,,2025,,
229,295,,,古树,新疆维吾尔自治区,65,阿勒泰地区,6543,布尔津县,654321,禾木哈纳斯蒙古民族乡,654321205,哈纳斯村委会,654321205201,哈纳斯村,松科,落叶松属,新疆落叶松,Larix Sibirica,,乡村,散生,87.03667417°,48.70190033°,国有,,221.73,3,回归估测,17,219.8,266.9,4.5,4,5,1402.3,无坡向,平坡,平地,灰色森林土,25,中等,良好,良好,,,,,遗漏树木,无,,,,,,,,,3,,,,,,,,,,,,,,,,,2025,,
230,296,,,古树,新疆维吾尔自治区,65,阿勒泰地区,6543,布尔津县,654321,禾木哈纳斯蒙古民族乡,654321205,哈纳斯村委会,654321205201,哈纳斯村,松科,落叶松属,新疆落叶松,Larix Sibirica,,乡村,散生,87.03657800°,48.70395867°,国有,,203.25,3,回归估测,16,204.1,251.2,5,4,6,1407.9,无坡向,平坡,平地,灰色森林土,25,中等,良好,良好,,,,,遗漏树木,无,,,,,,,,,3,,,,,,,,,,,,,,,,,2025,,
231,297,,,古树,新疆维吾尔自治区,65,阿勒泰地区,6543,布尔津县,654321,禾木哈纳斯蒙古民族乡,654321205,哈纳斯村委会,654321205201,哈纳斯村,松科,落叶松属,新疆落叶松,Larix Sibirica,,乡村,散生,87.03612933°,48.70388333°,国有,,221.73,3,回归估测,17,219.8,251.2,7,6,8,1406.4,无坡向,平坡,平地,灰色森林土,25,中等,良好,良好,,,,,遗漏树木,无,,,,,,,,,3,,,,,,,,,,,,,,,,,2025,,
232,298,,,古树,新疆维吾尔自治区,65,阿勒泰地区,6543,布尔津县,654321,禾木哈纳斯蒙古民族乡,654321205,哈纳斯村委会,654321205201,哈纳斯村,松科,落叶松属,新疆落叶松,Larix Sibirica,,乡村,散生,87.03604617°,48.70391117°,国有,,203.25,3,回归估测,16,204.1,282.6,8,9,7,1407.9,无坡向,平坡,平地,灰色森林土,25,中等,良好,良好,,,,,遗漏树木,无,,,,,,,,,3,,,,,,,,,,,,,,,,,2025,,
233,299,,,古树,新疆维吾尔自治区,65,阿勒泰地区,6543,布尔津县,654321,禾木哈纳斯蒙古民族乡,654321205,哈纳斯村委会,654321205201,哈纳斯村,松科,落叶松属,新疆落叶松,Larix Sibirica,,乡村,散生,87.02828050°,48.70679750°,国有,,210.65,3,回归估测,17,210.38,251.2,5,4,6,1389.3,无坡向,平坡,平地,灰色森林土,25,中等,良好,良好,,,,,遗漏树木,无,,,,,,,,,3,,,,,,,,,,,,,,,,,2025,,
234,300,,,古树,新疆维吾尔自治区,65,阿勒泰地区,6543,布尔津县,654321,禾木哈纳斯蒙古民族乡,654321205,哈纳斯村委会,654321205201,哈纳斯村,松科,落叶松属,新疆落叶松,Larix Sibirica,,乡村,散生,87.03197767°,48.70690933°,国有,,191.7,3,回归估测,15,194.68,219.8,7.5,7,8,1391.6,无坡向,平坡,平地,灰色森林土,25,中等,良好,良好,,,,,遗漏树木,无,,,,,,,,,3,,,,,,,,,,,,,,,,,2025,,
235,301,,,古树,新疆维吾尔自治区,65,阿勒泰地区,6543,布尔津县,654321,禾木哈纳斯蒙古民族乡,654321205,哈纳斯村委会,654321205201,哈纳斯村,松科,落叶松属,新疆落叶松,Larix Sibirica,,乡村,散生,87.03548200°,48.70771567°,国有,,221.73,3,回归估测,16,219.8,282.6,6,6,6,1404.9,无坡向,平坡,平地,灰色森林土,25,中等,良好,良好,,,,,遗漏树木,无,,,,,,,,,3,,,,,,,,,,,,,,,,,2025,,
236,302,,,古树,新疆维吾尔自治区,65,阿勒泰地区,6543,布尔津县,654321,禾木哈纳斯蒙古民族乡,654321205,哈纳斯村委会,654321205201,哈纳斯村,松科,落叶松属,新疆落叶松,Larix Sibirica,,乡村,散生,87.03494350°,48.71170600°,国有,,240.21,3,回归估测,16,235.5,266.9,10.5,10,11,1423.9,无坡向,平坡,平地,灰色森林土,25,中等,良好,良好,,,,,遗漏树木,无,,,,,,,,,3,,,,,,,,,,,,,,,,,2025,,
237,303,,,古树,新疆维吾尔自治区,65,阿勒泰地区,6543,布尔津县,654321,禾木哈纳斯蒙古民族乡,654321205,哈纳斯村委会,654321205201,哈纳斯村,松科,落叶松属,新疆落叶松,Larix Sibirica,,乡村,散生,87.03144033°,48.71548867°,国有,,251.3,3,回归估测,17,244.92,260.62,10,10,10,1408.8,无坡向,平坡,平地,灰色森林土,25,中等,良好,良好,,,,,遗漏树木,无,,,,,,,,,3,,,,,,,,,,,,,,,,,2025,,
238,304,,,古树,新疆维吾尔自治区,65,阿勒泰地区,6543,布尔津县,654321,禾木哈纳斯蒙古民族乡,654321205,哈纳斯村委会,654321205201,哈纳斯村,松科,落叶松属,新疆落叶松,Larix Sibirica,,乡村,散生,87.03504100°,48.69878600°,国有,,240.21,3,回归估测,17,235.5,282.6,8.5,8,9,1388.1,无坡向,平坡,平地,灰色森林土,25,中等,良好,良好,,,,,遗漏树木,无,,,,,,,,,3,,,,,,,,,,,,,,,,,2025,,
239,305,,,古树,新疆维吾尔自治区,65,阿勒泰地区,6543,布尔津县,654321,禾木哈纳斯蒙古民族乡,654321205,哈纳斯村委会,654321205201,哈纳斯村,松科,落叶松属,新疆落叶松,Larix Sibirica,,乡村,散生,87.03506367°,48.69873967°,国有,,232.82,3,回归估测,17,229.22,273.18,4,4,4,1388,无坡向,平坡,平地,灰色森林土,25,中等,良好,良好,,,,,遗漏树木,无,,,,,,,,,3,,,,,,,,,,,,,,,,,2025,,
240,306,,,古树,新疆维吾尔自治区,65,阿勒泰地区,6543,布尔津县,654321,禾木哈纳斯蒙古民族乡,654321205,哈纳斯村委会,654321205201,哈纳斯村,松科,落叶松属,新疆落叶松,Larix Sibirica,,乡村,散生,87.03509133°,48.69871633°,国有,,251.3,3,回归估测,17,244.92,292.02,5,5,5,1388.2,无坡向,平坡,平地,灰色森林土,25,中等,良好,良好,,,,,遗漏树木,无,,,,,,,,,3,,,,,,,,,,,,,,,,,2025,,
241,307,,,古树,新疆维吾尔自治区,65,阿勒泰地区,6543,布尔津县,654321,禾木哈纳斯蒙古民族乡,654321205,哈纳斯村委会,654321205201,哈纳斯村,松科,落叶松属,新疆落叶松,Larix Sibirica,,乡村,散生,87.03503933°,48.69842667°,国有,,210.65,3,回归估测,16,210.38,235.5,6,6,6,1398.8,无坡向,平坡,平地,灰色森林土,25,中等,良好,良好,,,,,遗漏树木,无,,,,,,,,,3,,,,,,,,,,,,,,,,,2025,,
242,308,,,古树,新疆维吾尔自治区,65,阿勒泰地区,6543,布尔津县,654321,禾木哈纳斯蒙古民族乡,654321205,哈纳斯村委会,654321205201,哈纳斯村,松科,落叶松属,新疆落叶松,Larix Sibirica,,乡村,散生,87.03499650°,48.69838517°,国有,,214.34,3,回归估测,16,213.52,251.2,9,9,9,1399.4,无坡向,平坡,平地,灰色森林土,25,中等,良好,良好,,,,,遗漏树木,无,,,,,,,,,3,,,,,,,,,,,,,,,,,2025,,
243,309,,,古树,新疆维吾尔自治区,65,阿勒泰地区,6543,布尔津县,654321,禾木哈纳斯蒙古民族乡,654321205,哈纳斯村委会,654321205201,哈纳斯村,松科,落叶松属,新疆落叶松,Larix Sibirica,,乡村,散生,87.03479833°,48.69812417°,国有,,240.21,3,回归估测,16,235.5,266.9,4,4,4,1397.4,无坡向,平坡,平地,灰色森林土,25,中等,良好,良好,,,,,遗漏树木,无,,,,,,,,,3,,,,,,,,,,,,,,,,,2025,,
244,310,,,古树,新疆维吾尔自治区,65,阿勒泰地区,6543,布尔津县,654321,禾木哈纳斯蒙古民族乡,654321205,哈纳斯村委会,654321205201,哈纳斯村,松科,落叶松属,新疆落叶松,Larix Sibirica,,乡村,散生,87.03458400°,48.69765300°,国有,,232.82,3,回归估测,17,229.22,254.34,4,5,3,1390.4,无坡向,平坡,平地,灰色森林土,25,中等,良好,良好,,,,,遗漏树木,无,,,,,,,,,3,,,,,,,,,,,,,,,,,2025,,
245,311,,,古树,新疆维吾尔自治区,65,阿勒泰地区,6543,布尔津县,654321,禾木哈纳斯蒙古民族乡,654321205,哈纳斯村委会,654321205201,哈纳斯村,松科,落叶松属,新疆落叶松,Larix Sibirica,,乡村,散生,87.03446683°,48.69762500°,国有,,210.65,3,回归估测,17,210.38,266.9,3.5,3,4,1384.9,无坡向,平坡,平地,灰色森林土,25,中等,良好,良好,有断裂,,,,遗漏树木,无,,,,,,,,,3,,,,,,,,,,,,,,,,,2025,,
246,312,,,古树,新疆维吾尔自治区,65,阿勒泰地区,6543,布尔津县,654321,禾木哈纳斯蒙古民族乡,654321205,哈纳斯村委会,654321205201,哈纳斯村,松科,落叶松属,新疆落叶松,Larix Sibirica,,乡村,散生,87.03091500°,48.69211650°,国有,,181.1,3,回归估测,15,188.4,204.1,4,4,4,1380.8,无坡向,平坡,平地,灰色森林土,25,中等,良好,良好,,,,,遗漏树木,无,,,,,,,,,3,,,,,,,,,,,,,,,,,2025,,
247,313,,,古树,新疆维吾尔自治区,65,阿勒泰地区,6543,布尔津县,654321,禾木哈纳斯蒙古民族乡,654321205,哈纳斯村委会,654321205201,哈纳斯村,松科,落叶松属,新疆落叶松,Larix Sibirica,,乡村,散生,87.03097167°,48.69197483°,国有,,195.86,3,回归估测,15,197.82,219.8,4.5,4,5,1378.7,无坡向,平坡,平地,灰色森林土,25,中等,良好,良好,,,,,遗漏树木,无,,,,,,,,,3,,,,,,,,,,,,,,,,,2025,,
248,314,,,古树,新疆维吾尔自治区,65,阿勒泰地区,6543,布尔津县,654321,禾木哈纳斯蒙古民族乡,654321205,哈纳斯村委会,654321205201,卧龙湾-鸭泽湖,松科,落叶松属,新疆落叶松,Larix Sibirica,,乡村,散生,87.04663300°,48.63559050°,国有,,191.7,3,回归估测,15,194.68,251.2,5,5,5,1424.3,无坡向,平坡,平地,灰色森林土,25,中等,良好,良好,,,,,遗漏树木,无,,,,,,,,,3,,,,,,,,,,,,,,,,,2025,,
249,315,,,古树,新疆维吾尔自治区,65,阿勒泰地区,6543,布尔津县,654321,禾木哈纳斯蒙古民族乡,654321205,哈纳斯村委会,654321205201,卧龙湾-鸭泽湖,松科,落叶松属,新疆落叶松,Larix Sibirica,,乡村,散生,87.04676933°,48.63517083°,国有,,232.82,3,回归估测,17,229.22,244.92,4,5,3,1427.5,无坡向,平坡,平地,灰色森林土,25,中等,良好,良好,,,,,遗漏树木,无,,,,,,,,,3,,,,,,,,,,,,,,,,,2025,,
250,316,,,古树,新疆维吾尔自治区,65,阿勒泰地区,6543,布尔津县,654321,禾木哈纳斯蒙古民族乡,654321205,哈纳斯村委会,654321205201,卧龙湾-鸭泽湖,松科,落叶松属,新疆落叶松,Larix Sibirica,,乡村,散生,87.04684417°,48.63461133°,国有,,181.1,3,回归估测,16,188.4,210.38,4,4,4,1432.5,无坡向,平坡,平地,灰色森林土,25,中等,良好,良好,,,,,遗漏树木,无,,,,,,,,,3,,,,,,,,,,,,,,,,,2025,,
251,317,,,古树,新疆维吾尔自治区,65,阿勒泰地区,6543,布尔津县,654321,禾木哈纳斯蒙古民族乡,654321205,哈纳斯村委会,654321205201,卧龙湾-鸭泽湖,松科,落叶松属,新疆落叶松,Larix Sibirica,,乡村,散生,87.04690783°,48.63462200°,国有,,232.82,3,回归估测,17,229.22,251.2,4.75,5,4.5,1429,无坡向,平坡,平地,灰色森林土,25,中等,良好,良好,,,,,遗漏树木,无,,,,,,,,,3,,,,,,,,,,,,,,,,,2025,,
252,318,,,古树,新疆维吾尔自治区,65,阿勒泰地区,6543,布尔津县,654321,禾木哈纳斯蒙古民族乡,654321205,哈纳斯村委会,654321205201,卧龙湾-鸭泽湖,松科,云杉属,西伯利亚云杉,Picea obovata,,乡村,散生,87.04640733°,48.63437283°,国有,,114.24,3,回归估测,16,226.08,260.62,3.75,3,4.5,1414.2,无坡向,平坡,平地,灰色森林土,25,中等,良好,良好,,,,,遗漏树木,无,,,,,,,,,3,,,,,,,,,,,,,,,,,2025,,
253,319,,,古树,新疆维吾尔自治区,65,阿勒泰地区,6543,布尔津县,654321,禾木哈纳斯蒙古民族乡,654321205,哈纳斯村委会,654321205201,卧龙湾-鸭泽湖,松科,落叶松属,新疆落叶松,Larix Sibirica,,乡村,散生,87.04609367°,48.63463333°,国有,,214.34,3,回归估测,16,213.52,235.5,4.5,4,5,1410.4,无坡向,平坡,平地,灰色森林土,25,中等,良好,良好,,,,,遗漏树木,无,,,,,,,,,3,,,,,,,,,,,,,,,,,2025,,
254,320,,,古树,新疆维吾尔自治区,65,阿勒泰地区,6543,布尔津县,654321,禾木哈纳斯蒙古民族乡,654321205,哈纳斯村委会,654321205201,卧龙湾-鸭泽湖,松科,落叶松属,新疆落叶松,Larix Sibirica,,乡村,散生,87.04599717°,48.63469967°,国有,,240.21,3,回归估测,16,235.5,282.6,3.75,3.5,4,1410.2,无坡向,平坡,平地,灰色森林土,25,中等,良好,良好,,,,,遗漏树木,无,,,,,,,,,3,,,,,,,,,,,,,,,,,2025,,
255,321,,,古树,新疆维吾尔自治区,65,阿勒泰地区,6543,布尔津县,654321,禾木哈纳斯蒙古民族乡,654321205,哈纳斯村委会,654321205201,卧龙湾-鸭泽湖,松科,落叶松属,新疆落叶松,Larix Sibirica,,乡村,散生,87.04525750°,48.63693150°,国有,,195.86,3,回归估测,18,197.82,251.2,4.75,4,5.5,1412.5,无坡向,平坡,平地,灰色森林土,25,中等,良好,良好,,,,,遗漏树木,无,,,,,,,,,3,,,,,,,,,,,,,,,,,2025,,
256,322,,,古树,新疆维吾尔自治区,65,阿勒泰地区,6543,布尔津县,654321,禾木哈纳斯蒙古民族乡,654321205,哈纳斯村委会,654321205201,卧龙湾-鸭泽湖,松科,落叶松属,新疆落叶松,Larix Sibirica,,乡村,散生,87.04560917°,48.63790600°,国有,,221.73,3,回归估测,18,219.8,266.9,8.25,8,8.5,1407.4,无坡向,平坡,平地,灰色森林土,25,中等,良好,良好,,,,,遗漏树木,无,,,,,,,,,3,,,,,,,,,,,,,,,,,2025,,
257,323,,,古树,新疆维吾尔自治区,65,阿勒泰地区,6543,布尔津县,654321,禾木哈纳斯蒙古民族乡,654321205,哈纳斯村委会,654321205201,卧龙湾-鸭泽湖,松科,落叶松属,新疆落叶松,Larix Sibirica,,乡村,散生,87.04569717°,48.63818583°,国有,,181.1,3,回归估测,15,188.4,219.8,2.75,2.5,3,1404.1,无坡向,平坡,平地,灰色森林土,25,中等,良好,良好,,,,,遗漏树木,无,,,,,,,,,3,,,,,,,,,,,,,,,,,2025,,
258,324,,,古树,新疆维吾尔自治区,65,阿勒泰地区,6543,布尔津县,654321,禾木哈纳斯蒙古民族乡,654321205,哈纳斯村委会,654321205201,卧龙湾-鸭泽湖,松科,落叶松属,新疆落叶松,Larix Sibirica,,乡村,散生,87.04567450°,48.63829767°,国有,,277.17,3,回归估测,18,266.9,304.58,3.25,3,3.5,1405.7,无坡向,平坡,平地,灰色森林土,25,中等,良好,良好,,,,,遗漏树木,无,,,,,,,,,3,,,,,,,,,,,,,,,,,2025,,
259,325,,,古树,新疆维吾尔自治区,65,阿勒泰地区,6543,布尔津县,654321,禾木哈纳斯蒙古民族乡,654321205,哈纳斯村委会,654321205201,卧龙湾-鸭泽湖,松科,落叶松属,新疆落叶松,Larix Sibirica,,乡村,散生,87.04514800°,48.64068183°,国有,,214.34,3,回归估测,14,213.52,251.2,5.75,6,5.5,1384.7,无坡向,平坡,平地,灰色森林土,25,中等,良好,良好,,,,,遗漏树木,无,,,,,,,,,3,,,,,,,,,,,,,,,,,2025,,
260,326,,,古树,新疆维吾尔自治区,65,阿勒泰地区,6543,布尔津县,654321,禾木哈纳斯蒙古民族乡,654321205,哈纳斯村委会,654321205201,卧龙湾-鸭泽湖,松科,云杉属,西伯利亚云杉,Picea obovata,,乡村,散生,87.04463767°,48.64111867°,国有,,107.32,3,回归估测,15,213.52,235.5,5,4,6,1379.9,无坡向,平坡,平地,灰色森林土,25,中等,良好,良好,,,,,遗漏树木,无,,,,,,,,,3,,,,,,,,,,,,,,,,,2025,,
261,327,,,古树,新疆维吾尔自治区,65,阿勒泰地区,6543,布尔津县,654321,禾木哈纳斯蒙古民族乡,654321205,哈纳斯村委会,654321205201,卧龙湾-鸭泽湖,松科,落叶松属,新疆落叶松,Larix Sibirica,,乡村,散生,87.04349083°,48.64273967°,国有,,203.25,3,回归估测,15,204.1,219.8,3,2.5,3.5,1376.3,无坡向,平坡,平地,灰色森林土,25,中等,良好,良好,,,,,遗漏树木,无,,,,,,,,,3,,,,,,,,,,,,,,,,,2025,,
262,328,,,古树,新疆维吾尔自治区,65,阿勒泰地区,6543,布尔津县,654321,禾木哈纳斯蒙古民族乡,654321205,哈纳斯村委会,654321205201,卧龙湾-鸭泽湖,松科,落叶松属,新疆落叶松,Larix Sibirica,,乡村,散生,87.04350400°,48.64309367°,国有,,191.7,3,回归估测,15,194.68,219.8,3.25,3.5,3,1383.8,无坡向,平坡,平地,灰色森林土,25,中等,良好,良好,,,,,遗漏树木,无,,,,,,,,,3,,,,,,,,,,,,,,,,,2025,,
263,329,,,古树,新疆维吾尔自治区,65,阿勒泰地区,6543,布尔津县,654321,禾木哈纳斯蒙古民族乡,654321205,哈纳斯村委会,654321205201,卧龙湾-鸭泽湖,松科,落叶松属,新疆落叶松,Larix Sibirica,,乡村,散生,87.04352650°,48.64349450°,国有,,229.12,3,回归估测,17,226.08,251.2,3.5,3,4,1387.1,无坡向,平坡,平地,灰色森林土,25,中等,良好,良好,,,,,遗漏树木,无,,,,,,,,,3,,,,,,,,,,,,,,,,,2025,,
264,330,,,古树,新疆维吾尔自治区,65,阿勒泰地区,6543,布尔津县,654321,禾木哈纳斯蒙古民族乡,654321205,哈纳斯村委会,654321205201,卧龙湾-鸭泽湖,松科,落叶松属,新疆落叶松,Larix Sibirica,,乡村,散生,87.04355283°,48.64474617°,国有,,203.25,3,回归估测,16,204.1,235.5,3.25,3,3.5,1382.3,无坡向,平坡,平地,灰色森林土,25,中等,良好,良好,,,,,遗漏树木,无,,,,,,,,,3,,,,,,,,,,,,,,,,,2025,,
265,331,,,古树,新疆维吾尔自治区,65,阿勒泰地区,6543,布尔津县,654321,禾木哈纳斯蒙古民族乡,654321205,哈纳斯村委会,654321205201,卧龙湾-鸭泽湖,松科,云杉属,西伯利亚云杉,Picea obovata,,乡村,散生,87.04341783°,48.64520800°,国有,,122.89,3,回归估测,16,241.78,282.6,3,3,3,1385,无坡向,平坡,平地,灰色森林土,25,中等,良好,良好,,,,,遗漏树木,无,,,,,,,,,3,,,,,,,,,,,,,,,,,2025,,
266,332,,,古树,新疆维吾尔自治区,65,阿勒泰地区,6543,布尔津县,654321,禾木哈纳斯蒙古民族乡,654321205,哈纳斯村委会,654321205201,卧龙湾-鸭泽湖,松科,落叶松属,新疆落叶松,Larix Sibirica,,乡村,散生,87.04336983°,48.64680883°,国有,,191.7,3,回归估测,15,194.68,219.8,4.5,4,5,1377.2,无坡向,平坡,平地,灰色森林土,25,中等,良好,良好,,,,,遗漏树木,无,,,,,,,,,3,,,,,,,,,,,,,,,,,2025,,
267,333,,,古树,新疆维吾尔自治区,65,阿勒泰地区,6543,布尔津县,654321,禾木哈纳斯蒙古民族乡,654321205,哈纳斯村委会,654321205201,卧龙湾-鸭泽湖,松科,落叶松属,新疆落叶松,Larix Sibirica,,乡村,散生,87.04315917°,48.64808550°,国有,,240.21,3,回归估测,17,235.5,282.6,3,3,3,1370.2,无坡向,平坡,平地,灰色森林土,25,中等,良好,良好,,,,,遗漏树木,无,,,,,,,,,3,,,,,,,,,,,,,,,,,2025,,
268,334,,,古树,新疆维吾尔自治区,65,阿勒泰地区,6543,布尔津县,654321,禾木哈纳斯蒙古民族乡,654321205,哈纳斯村委会,654321205201,卧龙湾-鸭泽湖,松科,落叶松属,新疆落叶松,Larix Sibirica,,乡村,散生,87.04323800°,48.64804000°,国有,,295.64,3,回归估测,18,282.6,329.7,4.75,4,5.5,1374,无坡向,平坡,平地,灰色森林土,25,中等,良好,良好,,,,,遗漏树木,无,,,,,,,,,3,,,,,,,,,,,,,,,,,2025,,
269,335,,,古树,新疆维吾尔自治区,65,阿勒泰地区,6543,布尔津县,654321,禾木哈纳斯蒙古民族乡,654321205,哈纳斯村委会,654321205201,卧龙湾-鸭泽湖,松科,落叶松属,新疆落叶松,Larix Sibirica,,乡村,散生,87.04335883°,48.64806750°,国有,,240.21,3,回归估测,16,235.5,282.6,7.25,8,6.5,1374.8,无坡向,平坡,平地,灰色森林土,25,中等,良好,良好,,,,,遗漏树木,无,,,,,,,,,3,,,,,,,,,,,,,,,,,2025,,
270,336,,,古树,新疆维吾尔自治区,65,阿勒泰地区,6543,布尔津县,654321,禾木哈纳斯蒙古民族乡,654321205,哈纳斯村委会,654321205201,卧龙湾-鸭泽湖,松科,落叶松属,新疆落叶松,Larix Sibirica,,乡村,散生,87.04404850°,48.64812717°,国有,,251.3,3,回归估测,18,244.92,282.6,5.75,6.5,5,1381.2,无坡向,平坡,平地,灰色森林土,25,中等,良好,良好,,,,,遗漏树木,无,,,,,,,,,3,,,,,,,,,,,,,,,,,2025,,
271,337,,,古树,新疆维吾尔自治区,65,阿勒泰地区,6543,布尔津县,654321,禾木哈纳斯蒙古民族乡,654321205,哈纳斯村委会,654321205201,卧龙湾-鸭泽湖,松科,落叶松属,新疆落叶松,Larix Sibirica,,乡村,散生,87.04415400°,48.64809400°,国有,,221.73,3,回归估测,16,219.8,251.2,5,5,5,1383.3,无坡向,平坡,平地,灰色森林土,25,中等,良好,良好,,,,,遗漏树木,无,,,,,,,,,3,,,,,,,,,,,,,,,,,2025,,
272,338,,,古树,新疆维吾尔自治区,65,阿勒泰地区,6543,布尔津县,654321,禾木哈纳斯蒙古民族乡,654321205,哈纳斯村委会,654321205201,卧龙湾-鸭泽湖,松科,落叶松属,新疆落叶松,Larix Sibirica,,乡村,散生,87.04333567°,48.64874450°,国有,,351.08,3,回归估测,20,329.7,376.8,7.75,8,7.5,1368.6,无坡向,平坡,平地,灰色森林土,25,中等,良好,良好,,,,,遗漏树木,无,,,,,,,,,3,,,,,,,,,,,,,,,,,2025,,
273,339,,,古树,新疆维吾尔自治区,65,阿勒泰地区,6543,布尔津县,654321,禾木哈纳斯蒙古民族乡,654321205,哈纳斯村委会,654321205201,卧龙湾-鸭泽湖,松科,落叶松属,新疆落叶松,Larix Sibirica,,乡村,散生,87.04335483°,48.64918450°,国有,,229.12,3,回归估测,18,226.08,266.9,2.5,2.5,2.5,1368.2,无坡向,平坡,平地,灰色森林土,25,中等,良好,良好,,,,,遗漏树木,无,,,,,,,,,3,,,,,,,,,,,,,,,,,2025,,
274,340,,,古树,新疆维吾尔自治区,65,阿勒泰地区,6543,布尔津县,654321,禾木哈纳斯蒙古民族乡,654321205,哈纳斯村委会,654321205201,卧龙湾-鸭泽湖,松科,落叶松属,新疆落叶松,Larix Sibirica,,乡村,散生,87.04341300°,48.64938383°,国有,,203.25,3,回归估测,16,204.1,235.5,4.5,4,5,1370.5,无坡向,平坡,平地,灰色森林土,25,中等,良好,良好,,,,,遗漏树木,无,,,,,,,,,3,,,,,,,,,,,,,,,,,2025,,
275,341,,,古树,新疆维吾尔自治区,65,阿勒泰地区,6543,布尔津县,654321,禾木哈纳斯蒙古民族乡,654321205,哈纳斯村委会,654321205201,卧龙湾-鸭泽湖,松科,落叶松属,新疆落叶松,Larix Sibirica,,乡村,散生,87.04308067°,48.65018267°,国有,,236.51,3,回归估测,17,232.36,266.9,3,3,3,1369.8,无坡向,平坡,平地,灰色森林土,25,中等,良好,良好,,,,,遗漏树木,无,,,,,,,,,3,,,,,,,,,,,,,,,,,2025,,
276,342,,,古树,新疆维吾尔自治区,65,阿勒泰地区,6543,布尔津县,654321,禾木哈纳斯蒙古民族乡,654321205,哈纳斯村委会,654321205201,卧龙湾-鸭泽湖,松科,落叶松属,新疆落叶松,Larix Sibirica,,乡村,散生,87.04308000°,48.65017933°,国有,,269.77,3,回归估测,18,260.62,285.74,4.5,5,4,1369.9,无坡向,平坡,平地,灰色森林土,25,中等,良好,良好,,,,,遗漏树木,无,,,,,,,,,3,,,,,,,,,,,,,,,,,2025,,
277,343,,,古树,新疆维吾尔自治区,65,阿勒泰地区,6543,布尔津县,654321,禾木哈纳斯蒙古民族乡,654321205,哈纳斯村委会,654321205201,卧龙湾-鸭泽湖,松科,落叶松属,新疆落叶松,Larix Sibirica,,乡村,散生,87.04260533°,48.65097950°,国有,,221.73,3,回归估测,16,219.8,251.2,3.5,4,3,1358,无坡向,平坡,平地,灰色森林土,25,中等,良好,良好,,,,,遗漏树木,无,,,,,,,,,3,,,,,,,,,,,,,,,,,2025,,
278,344,,,古树,新疆维吾尔自治区,65,阿勒泰地区,6543,布尔津县,654321,禾木哈纳斯蒙古民族乡,654321205,哈纳斯村委会,654321205201,卧龙湾-鸭泽湖,松科,落叶松属,新疆落叶松,Larix Sibirica,,乡村,散生,87.04227267°,48.65111983°,国有,,240.21,3,回归估测,17,235.5,282.6,8,9,7,1357.3,无坡向,平坡,平地,灰色森林土,25,中等,良好,良好,,,,,遗漏树木,无,,,,,,,,,3,,,,,,,,,,,,,,,,,2025,,
279,345,,,古树,新疆维吾尔自治区,65,阿勒泰地区,6543,布尔津县,654321,禾木哈纳斯蒙古民族乡,654321205,哈纳斯村委会,654321205201,卧龙湾-鸭泽湖,松科,落叶松属,新疆落叶松,Larix Sibirica,,乡村,散生,87.03871833°,48.65710783°,国有,,210.65,3,回归估测,16,210.38,235.5,4,4,4,1351.6,无坡向,平坡,平地,灰色森林土,25,中等,良好,良好,,,,,遗漏树木,无,,,,,,,,,3,,,,,,,,,,,,,,,,,2025,,
280,346,,,古树,新疆维吾尔自治区,65,阿勒泰地区,6543,布尔津县,654321,禾木哈纳斯蒙古民族乡,654321205,哈纳斯村委会,654321205201,卧龙湾-鸭泽湖,松科,落叶松属,新疆落叶松,Larix Sibirica,,乡村,散生,87.03857817°,48.65723967°,国有,,236.51,3,回归估测,17,232.36,266.9,5.25,6,4.5,1350.6,无坡向,平坡,平地,灰色森林土,25,中等,良好,良好,,,,,遗漏树木,无,,,,,,,,,3,,,,,,,,,,,,,,,,,2025,,
281,347,,,古树,新疆维吾尔自治区,65,阿勒泰地区,6543,布尔津县,654321,禾木哈纳斯蒙古民族乡,654321205,哈纳斯村委会,654321205201,哈纳斯村,松科,落叶松属,新疆落叶松,Larix Sibirica,,乡村,散生,87.02333533°,48.69738433°,国有,,210.65,3,回归估测,16,210.38,251.2,5,5,5,1384.6,无坡向,平坡,平地,灰色森林土,25,中等,良好,良好,,,,,遗漏树木,无,,,,,,,,,3,,,,,,,,,,,,,,,,,2025,,
282,348,,,古树,新疆维吾尔自治区,65,阿勒泰地区,6543,布尔津县,654321,禾木哈纳斯蒙古民族乡,654321205,哈纳斯村委会,654321205201,哈纳斯村,松科,落叶松属,新疆落叶松,Larix Sibirica,,乡村,散生,87.02324083°,48.69816950°,国有,,243.91,3,回归估测,17,238.64,266.9,4.75,5,4.5,1392.3,无坡向,平坡,平地,灰色森林土,25,中等,良好,良好,,,,,遗漏树木,无,,,,,,,,,3,,,,,,,,,,,,,,,,,2025,,
283,349,,,古树,新疆维吾尔自治区,65,阿勒泰地区,6543,布尔津县,654321,禾木哈纳斯蒙古民族乡,654321205,哈纳斯村委会,654321205201,哈纳斯村,松科,落叶松属,新疆落叶松,Larix Sibirica,,乡村,散生,87.02309600°,48.69837117°,国有,,191.7,3,回归估测,16,194.68,219.8,6.25,7,5.5,1394.7,无坡向,平坡,平地,灰色森林土,25,中等,良好,良好,,,,,遗漏树木,无,,,,,,,,,3,,,,,,,,,,,,,,,,,2025,,
284,350,,,古树,新疆维吾尔自治区,65,阿勒泰地区,6543,布尔津县,654321,禾木哈纳斯蒙古民族乡,654321205,哈纳斯村委会,654321205201,哈纳斯村,松科,落叶松属,新疆落叶松,Larix Sibirica,,乡村,散生,87.02337917°,48.69939883°,国有,,214.34,3,回归估测,16,213.52,235.5,6,6,6,1395.8,无坡向,平坡,平地,灰色森林土,25,中等,良好,良好,,,,,遗漏树木,无,,,,,,,,,3,,,,,,,,,,,,,,,,,2025,,
285,351,,,古树,新疆维吾尔自治区,65,阿勒泰地区,6543,布尔津县,654321,禾木哈纳斯蒙古民族乡,654321205,哈纳斯村委会,654321205201,哈纳斯村,松科,落叶松属,新疆落叶松,Larix Sibirica,,乡村,散生,87.02306833°,48.70000600°,国有,,181.1,3,回归估测,15,188.4,219.8,6.5,6,7,1387.4,无坡向,平坡,平地,灰色森林土,25,中等,良好,良好,,,,,遗漏树木,无,,,,,,,,,3,,,,,,,,,,,,,,,,,2025,,
286,352,,,古树,新疆维吾尔自治区,65,阿勒泰地区,6543,布尔津县,654321,禾木哈纳斯蒙古民族乡,654321205,哈纳斯村委会,654321205201,哈纳斯村,松科,落叶松属,新疆落叶松,Larix Sibirica,,乡村,散生,87.02269467°,48.70037383°,国有,,214.34,3,回归估测,16,213.52,235.5,6,6,6,1388.9,无坡向,平坡,平地,灰色森林土,25,中等,良好,良好,,,,,遗漏树木,无,,,,,,,,,3,,,,,,,,,,,,,,,,,2025,,
287,353,,,古树,新疆维吾尔自治区,65,阿勒泰地区,6543,布尔津县,654321,禾木哈纳斯蒙古民族乡,654321205,哈纳斯村委会,654321205201,哈纳斯村,松科,落叶松属,新疆落叶松,Larix Sibirica,,乡村,散生,87.02192900°,48.70114017°,国有,,314.12,3,回归估测,18,298.3,329.7,5.5,6,5,1395.3,无坡向,平坡,平地,灰色森林土,25,中等,良好,良好,,,,,遗漏树木,无,,,,,,,,,3,,,,,,,,,,,,,,,,,2025,,
288,354,,,古树,新疆维吾尔自治区,65,阿勒泰地区,6543,布尔津县,654321,禾木哈纳斯蒙古民族乡,654321205,哈纳斯村委会,654321205201,哈纳斯村,松科,落叶松属,新疆落叶松,Larix Sibirica,,乡村,散生,87.02180000°,48.70110667°,国有,,206.95,3,回归估测,16,207.24,219.8,4.5,4,5,1393.6,无坡向,平坡,平地,灰色森林土,25,中等,良好,良好,,,,,遗漏树木,无,,,,,,,,,3,,,,,,,,,,,,,,,,,2025,,
289,355,,,古树,新疆维吾尔自治区,65,阿勒泰地区,6543,布尔津县,654321,禾木哈纳斯蒙古民族乡,654321205,哈纳斯村委会,654321205201,哈纳斯村,松科,落叶松属,新疆落叶松,Larix Sibirica,,乡村,散生,87.02208683°,48.70210650°,国有,,203.25,3,回归估测,15,204.1,229.22,5.75,6,5.5,1390.8,无坡向,平坡,平地,灰色森林土,25,中等,良好,良好,,,,,遗漏树木,无,,,,,,,,,3,,,,,,,,,,,,,,,,,2025,,
290,356,,,古树,新疆维吾尔自治区,65,阿勒泰地区,6543,布尔津县,654321,禾木哈纳斯蒙古民族乡,654321205,哈纳斯村委会,654321205201,哈纳斯村,松科,落叶松属,新疆落叶松,Larix Sibirica,,乡村,散生,87.02199150°,48.70229033°,国有,,214.34,3,回归估测,16,213.52,235.5,4.75,5,4.5,1393.1,无坡向,平坡,平地,灰色森林土,25,中等,良好,良好,,,,,遗漏树木,无,,,,,,,,,3,,,,,,,,,,,,,,,,,2025,,
291,357,,,古树,新疆维吾尔自治区,65,阿勒泰地区,6543,布尔津县,654321,禾木哈纳斯蒙古民族乡,654321205,哈纳斯村委会,654321205201,哈纳斯村,松科,落叶松属,新疆落叶松,Larix Sibirica,,乡村,散生,87.02220050°,48.70389200°,国有,,221.73,3,回归估测,16,219.8,266.9,4.5,5,4,1392.6,无坡向,平坡,平地,灰色森林土,25,中等,良好,良好,,,,,遗漏树木,无,,,,,,,,,3,,,,,,,,,,,,,,,,,2025,,
292,358,,,古树,新疆维吾尔自治区,65,阿勒泰地区,6543,布尔津县,654321,禾木哈纳斯蒙古民族乡,654321205,哈纳斯村委会,654321205201,哈纳斯村,松科,落叶松属,新疆落叶松,Larix Sibirica,,乡村,散生,87.02173717°,48.70421417°,国有,,232.82,3,回归估测,18,229.22,260.62,4.25,5,3.5,1394.7,无坡向,平坡,平地,灰色森林土,25,中等,良好,良好,,,,,遗漏树木,无,,,,,,,,,3,,,,,,,,,,,,,,,,,2025,,
293,359,,,古树,新疆维吾尔自治区,65,阿勒泰地区,6543,布尔津县,654321,禾木哈纳斯蒙古民族乡,654321205,哈纳斯村委会,654321205201,哈纳斯村,松科,落叶松属,新疆落叶松,Larix Sibirica,,乡村,散生,87.02128250°,48.70475467°,国有,,191.7,3,回归估测,15,194.68,219.8,5,6,4,1389.7,无坡向,平坡,平地,灰色森林土,25,中等,良好,良好,,,,,遗漏树木,无,,,,,,,,,3,,,,,,,,,,,,,,,,,2025,,
294,360,,,古树,新疆维吾尔自治区,65,阿勒泰地区,6543,布尔津县,654321,禾木哈纳斯蒙古民族乡,654321205,哈纳斯村委会,654321205201,哈纳斯村,松科,落叶松属,新疆落叶松,Larix Sibirica,,乡村,散生,87.01941650°,48.70790483°,国有,,199.56,3,回归估测,15,200.96,216.66,4.5,5,4,1396.5,无坡向,平坡,平地,灰色森林土,25,中等,良好,良好,,,,,遗漏树木,无,,,,,,,,,3,,,,,,,,,,,,,,,,,2025,,
295,361,,,古树,新疆维吾尔自治区,65,阿勒泰地区,6543,布尔津县,654321,禾木哈纳斯蒙古民族乡,654321205,哈纳斯村委会,654321205201,哈纳斯村,松科,落叶松属,新疆落叶松,Larix Sibirica,,乡村,散生,87.01957367°,48.70788767°,国有,,214.34,3,回归估测,16,213.52,251.2,3.75,4,3.5,1394.6,无坡向,平坡,平地,灰色森林土,25,中等,良好,良好,,,,,遗漏树木,无,,,,,,,,,3,,,,,,,,,,,,,,,,,2025,,
296,362,,,古树,新疆维吾尔自治区,65,阿勒泰地区,6543,布尔津县,654321,禾木哈纳斯蒙古民族乡,654321205,哈纳斯村委会,654321205201,哈纳斯村,松科,落叶松属,新疆落叶松,Larix Sibirica,,乡村,散生,87.01896983°,48.70778000°,国有,,232.82,3,回归估测,17,229.22,270.04,3,3,3,1392.9,无坡向,平坡,平地,灰色森林土,25,中等,良好,良好,,,,,遗漏树木,无,,,,,,,,,3,,,,,,,,,,,,,,,,,2025,,
297,363,,,古树,新疆维吾尔自治区,65,阿勒泰地区,6543,布尔津县,654321,禾木哈纳斯蒙古民族乡,654321205,哈纳斯村委会,654321205201,哈纳斯村,松科,落叶松属,新疆落叶松,Larix Sibirica,,乡村,散生,87.01920233°,48.70842833°,国有,,303.03,3,回归估测,19,288.88,323.42,3.5,4,3,1398.3,无坡向,平坡,平地,灰色森林土,25,中等,良好,良好,,,,,遗漏树木,无,,,,,,,,,3,,,,,,,,,,,,,,,,,2025,,
